[     577ms] [INFO] %c[libdiscore] 
font-weight: bold;
color: purple;
 [experiment_manager] Loaded experiments from cache @ https://discord.com/assets/sentry.36a95f7c8446f649.js:14
[     642ms] [LOG] %c[ProcessUtilsElectron] 
font-weight: bold;
color: purple;
 setMemoryInformation not available. @ https://discord.com/assets/sentry.36a95f7c8446f649.js:14
[     731ms] [LOG] %c[default] 
font-weight: bold;
color: purple;
 [BUILD INFO] Release Channel: stable, Build Number: 570593, Version Hash: 62eec3455049579e87da360d84dad62af536fce6 @ https://discord.com/assets/sentry.36a95f7c8446f649.js:14
[     734ms] [LOG] AppCrashedFatalReport: getLastCrash not supported. @ https://discord.com/assets/sentry.36a95f7c8446f649.js:14
[     847ms] [INFO] %c[libdiscore] 
font-weight: bold;
color: purple;
 The answer for life the universe and everything is: 42 @ https://discord.com/assets/sentry.36a95f7c8446f649.js:14
[    1437ms] [INFO] %c[useAuthWebsocket] 
font-weight: bold;
color: purple;
 [0ms] connecting to wss://remote-auth-gateway.discord.gg/?v=2 @ https://discord.com/assets/sentry.36a95f7c8446f649.js:14
[    1750ms] [ERROR] Failed to load resource: the server responded with a status of 401 () @ https://discord.com/api/v9/promotions?locale=zh-CN&platform=0:0
[    2288ms] [INFO] %c[useAuthWebsocket] 
font-weight: bold;
color: purple;
 [851ms] got hello, auth timeout=244592ms @ https://discord.com/assets/sentry.36a95f7c8446f649.js:14
[    2341ms] [INFO] %c[useAuthWebsocket] 
font-weight: bold;
color: purple;
 [904ms] connected, handshaking with fingerprint: NpVFS_1_h_zKce3WG_lcOiewFfaaiqGKLACuXSjnpko @ https://discord.com/assets/sentry.36a95f7c8446f649.js:14
[    2678ms] [INFO] %c[useAuthWebsocket] 
font-weight: bold;
color: purple;
 [1242ms] computed nonce proof @ https://discord.com/assets/sentry.36a95f7c8446f649.js:14
[    3056ms] [INFO] %c[useAuthWebsocket] 
font-weight: bold;
color: purple;
 [1620ms] handshake complete awaiting remote auth. @ https://discord.com/assets/sentry.36a95f7c8446f649.js:14
[    6074ms] [WARNING] The resource https://discord.com/assets/189422196a4f8b53.woff2 was preloaded using link preload but not used within a few seconds from the window's load event. Please make sure it has an appropriate `as` value and it is preloaded intentionally. @ https://discord.com/login:0
[    6074ms] [WARNING] The resource https://discord.com/assets/ce3b8055f5114434.woff2 was preloaded using link preload but not used within a few seconds from the window's load event. Please make sure it has an appropriate `as` value and it is preloaded intentionally. @ https://discord.com/login:0
[    6074ms] [WARNING] The resource https://discord.com/assets/cb2006dbced0e246.woff2 was preloaded using link preload but not used within a few seconds from the window's load event. Please make sure it has an appropriate `as` value and it is preloaded intentionally. @ https://discord.com/login:0
[    6074ms] [WARNING] The resource https://discord.com/assets/7a6a566c2e88a35d.woff2 was preloaded using link preload but not used within a few seconds from the window's load event. Please make sure it has an appropriate `as` value and it is preloaded intentionally. @ https://discord.com/login:0
[    6074ms] [WARNING] The resource https://discord.com/assets/e52f0cba712e2fb4.woff2 was preloaded using link preload but not used within a few seconds from the window's load event. Please make sure it has an appropriate `as` value and it is preloaded intentionally. @ https://discord.com/login:0
[    6074ms] [WARNING] The resource https://discord.com/assets/dd24010f3cf7def7.woff2 was preloaded using link preload but not used within a few seconds from the window's load event. Please make sure it has an appropriate `as` value and it is preloaded intentionally. @ https://discord.com/login:0
[   17923ms] [INFO] %c[useAuthWebsocket] 
font-weight: bold;
color: purple;
 [16487ms] disconnected, code: 1006  @ https://discord.com/assets/sentry.36a95f7c8446f649.js:14
[   17924ms] [ERROR] %c[useAuthWebsocket] 
font-weight: bold;
color: purple;
 Could not complete Remote Auth login, trying to restart with a new Remote Auth session. @ https://discord.com/assets/sentry.36a95f7c8446f649.js:14
[   21700ms] [INFO] %c[useAuthWebsocket] 
font-weight: bold;
color: purple;
 [20263ms] cleaning up @ https://discord.com/assets/sentry.36a95f7c8446f649.js:14
[   21701ms] [INFO] %c[useAuthWebsocket] 
font-weight: bold;
color: purple;
 [0ms] connecting to wss://remote-auth-gateway.discord.gg/?v=2 @ https://discord.com/assets/sentry.36a95f7c8446f649.js:14
[   22693ms] [INFO] %c[useAuthWebsocket] 
font-weight: bold;
color: purple;
 [992ms] got hello, auth timeout=352575ms @ https://discord.com/assets/sentry.36a95f7c8446f649.js:14
[   22760ms] [INFO] %c[useAuthWebsocket] 
font-weight: bold;
color: purple;
 [1060ms] connected, handshaking with fingerprint: fZ6yq9UBPEeM3XLK7xI84vehApwOxKpa5SjhJR0nHhY @ https://discord.com/assets/sentry.36a95f7c8446f649.js:14
[   23432ms] [INFO] %c[useAuthWebsocket] 
font-weight: bold;
color: purple;
 [1731ms] computed nonce proof @ https://discord.com/assets/sentry.36a95f7c8446f649.js:14
[   23781ms] [INFO] %c[useAuthWebsocket] 
font-weight: bold;
color: purple;
 [2080ms] handshake complete awaiting remote auth. @ https://discord.com/assets/sentry.36a95f7c8446f649.js:14
[   26787ms] [WARNING] The resource https://discord.com/assets/189422196a4f8b53.woff2 was preloaded using link preload but not used within a few seconds from the window's load event. Please make sure it has an appropriate `as` value and it is preloaded intentionally. @ https://discord.com/login:0
[   26787ms] [WARNING] The resource https://discord.com/assets/ce3b8055f5114434.woff2 was preloaded using link preload but not used within a few seconds from the window's load event. Please make sure it has an appropriate `as` value and it is preloaded intentionally. @ https://discord.com/login:0
[   26787ms] [WARNING] The resource https://discord.com/assets/cb2006dbced0e246.woff2 was preloaded using link preload but not used within a few seconds from the window's load event. Please make sure it has an appropriate `as` value and it is preloaded intentionally. @ https://discord.com/login:0
[   26787ms] [WARNING] The resource https://discord.com/assets/7a6a566c2e88a35d.woff2 was preloaded using link preload but not used within a few seconds from the window's load event. Please make sure it has an appropriate `as` value and it is preloaded intentionally. @ https://discord.com/login:0
[   26787ms] [WARNING] The resource https://discord.com/assets/e52f0cba712e2fb4.woff2 was preloaded using link preload but not used within a few seconds from the window's load event. Please make sure it has an appropriate `as` value and it is preloaded intentionally. @ https://discord.com/login:0
[   26787ms] [WARNING] The resource https://discord.com/assets/dd24010f3cf7def7.woff2 was preloaded using link preload but not used within a few seconds from the window's load event. Please make sure it has an appropriate `as` value and it is preloaded intentionally. @ https://discord.com/login:0
[   46268ms] [INFO] %c[useAuthWebsocket] 
font-weight: bold;
color: purple;
 [24567ms] disconnected, code: 1006  @ https://discord.com/assets/sentry.36a95f7c8446f649.js:14
[   46268ms] [ERROR] %c[useAuthWebsocket] 
font-weight: bold;
color: purple;
 Could not complete Remote Auth login, trying to restart with a new Remote Auth session. @ https://discord.com/assets/sentry.36a95f7c8446f649.js:14
[   48597ms] [INFO] %c[useAuthWebsocket] 
font-weight: bold;
color: purple;
 [26896ms] cleaning up @ https://discord.com/assets/sentry.36a95f7c8446f649.js:14
[   48598ms] [INFO] %c[useAuthWebsocket] 
font-weight: bold;
color: purple;
 [0ms] connecting to wss://remote-auth-gateway.discord.gg/?v=2 @ https://discord.com/assets/sentry.36a95f7c8446f649.js:14
[   50342ms] [INFO] %c[useAuthWebsocket] 
font-weight: bold;
color: purple;
 [1745ms] got hello, auth timeout=245889ms @ https://discord.com/assets/sentry.36a95f7c8446f649.js:14
[   50402ms] [INFO] %c[useAuthWebsocket] 
font-weight: bold;
color: purple;
 [1804ms] connected, handshaking with fingerprint: uNDzBHrEqRMQJhDcPKCtMsj3_C4ldqw5k0SGf3hGhuI @ https://discord.com/assets/sentry.36a95f7c8446f649.js:14
[   50703ms] [INFO] %c[useAuthWebsocket] 
font-weight: bold;
color: purple;
 [2105ms] computed nonce proof @ https://discord.com/assets/sentry.36a95f7c8446f649.js:14
[   51013ms] [INFO] %c[useAuthWebsocket] 
font-weight: bold;
color: purple;
 [2416ms] handshake complete awaiting remote auth. @ https://discord.com/assets/sentry.36a95f7c8446f649.js:14
[   54038ms] [WARNING] The resource https://discord.com/assets/189422196a4f8b53.woff2 was preloaded using link preload but not used within a few seconds from the window's load event. Please make sure it has an appropriate `as` value and it is preloaded intentionally. @ https://discord.com/login:0
[   54038ms] [WARNING] The resource https://discord.com/assets/ce3b8055f5114434.woff2 was preloaded using link preload but not used within a few seconds from the window's load event. Please make sure it has an appropriate `as` value and it is preloaded intentionally. @ https://discord.com/login:0
[   54038ms] [WARNING] The resource https://discord.com/assets/cb2006dbced0e246.woff2 was preloaded using link preload but not used within a few seconds from the window's load event. Please make sure it has an appropriate `as` value and it is preloaded intentionally. @ https://discord.com/login:0
[   54038ms] [WARNING] The resource https://discord.com/assets/7a6a566c2e88a35d.woff2 was preloaded using link preload but not used within a few seconds from the window's load event. Please make sure it has an appropriate `as` value and it is preloaded intentionally. @ https://discord.com/login:0
[   54038ms] [WARNING] The resource https://discord.com/assets/e52f0cba712e2fb4.woff2 was preloaded using link preload but not used within a few seconds from the window's load event. Please make sure it has an appropriate `as` value and it is preloaded intentionally. @ https://discord.com/login:0
[   54038ms] [WARNING] The resource https://discord.com/assets/dd24010f3cf7def7.woff2 was preloaded using link preload but not used within a few seconds from the window's load event. Please make sure it has an appropriate `as` value and it is preloaded intentionally. @ https://discord.com/login:0
[   65907ms] [INFO] %c[useAuthWebsocket] 
font-weight: bold;
color: purple;
 [17310ms] disconnected, code: 1006  @ https://discord.com/assets/sentry.36a95f7c8446f649.js:14
[   65908ms] [ERROR] %c[useAuthWebsocket] 
font-weight: bold;
color: purple;
 Could not complete Remote Auth login, trying to restart with a new Remote Auth session. @ https://discord.com/assets/sentry.36a95f7c8446f649.js:14
[   69143ms] [INFO] %c[useAuthWebsocket] 
font-weight: bold;
color: purple;
 [20546ms] cleaning up @ https://discord.com/assets/sentry.36a95f7c8446f649.js:14
[   69144ms] [INFO] %c[useAuthWebsocket] 
font-weight: bold;
color: purple;
 [0ms] connecting to wss://remote-auth-gateway.discord.gg/?v=2 @ https://discord.com/assets/sentry.36a95f7c8446f649.js:14
[   70291ms] [INFO] %c[useAuthWebsocket] 
font-weight: bold;
color: purple;
 [1148ms] got hello, auth timeout=292638ms @ https://discord.com/assets/sentry.36a95f7c8446f649.js:14
[   70323ms] [INFO] %c[useAuthWebsocket] 
font-weight: bold;
color: purple;
 [1179ms] connected, handshaking with fingerprint: VDX3JqbPS79baq_to--cYmvAYwdTd03NsUfmZ0ANMvA @ https://discord.com/assets/sentry.36a95f7c8446f649.js:14
[   70621ms] [INFO] %c[useAuthWebsocket] 
font-weight: bold;
color: purple;
 [1477ms] computed nonce proof @ https://discord.com/assets/sentry.36a95f7c8446f649.js:14
[   70900ms] [INFO] %c[useAuthWebsocket] 
font-weight: bold;
color: purple;
 [1757ms] handshake complete awaiting remote auth. @ https://discord.com/assets/sentry.36a95f7c8446f649.js:14
[   73909ms] [WARNING] The resource https://discord.com/assets/189422196a4f8b53.woff2 was preloaded using link preload but not used within a few seconds from the window's load event. Please make sure it has an appropriate `as` value and it is preloaded intentionally. @ https://discord.com/login:0
[   73909ms] [WARNING] The resource https://discord.com/assets/ce3b8055f5114434.woff2 was preloaded using link preload but not used within a few seconds from the window's load event. Please make sure it has an appropriate `as` value and it is preloaded intentionally. @ https://discord.com/login:0
[   73909ms] [WARNING] The resource https://discord.com/assets/cb2006dbced0e246.woff2 was preloaded using link preload but not used within a few seconds from the window's load event. Please make sure it has an appropriate `as` value and it is preloaded intentionally. @ https://discord.com/login:0
[   73909ms] [WARNING] The resource https://discord.com/assets/7a6a566c2e88a35d.woff2 was preloaded using link preload but not used within a few seconds from the window's load event. Please make sure it has an appropriate `as` value and it is preloaded intentionally. @ https://discord.com/login:0
[   73909ms] [WARNING] The resource https://discord.com/assets/e52f0cba712e2fb4.woff2 was preloaded using link preload but not used within a few seconds from the window's load event. Please make sure it has an appropriate `as` value and it is preloaded intentionally. @ https://discord.com/login:0
[   73910ms] [WARNING] The resource https://discord.com/assets/dd24010f3cf7def7.woff2 was preloaded using link preload but not used within a few seconds from the window's load event. Please make sure it has an appropriate `as` value and it is preloaded intentionally. @ https://discord.com/login:0
[   85604ms] [INFO] %c[useAuthWebsocket] 
font-weight: bold;
color: purple;
 [16460ms] disconnected, code: 1006  @ https://discord.com/assets/sentry.36a95f7c8446f649.js:14
[   85604ms] [ERROR] %c[useAuthWebsocket] 
font-weight: bold;
color: purple;
 Could not complete Remote Auth login, trying to restart with a new Remote Auth session. @ https://discord.com/assets/sentry.36a95f7c8446f649.js:14
[   89873ms] [INFO] %c[useAuthWebsocket] 
font-weight: bold;
color: purple;
 [20729ms] cleaning up @ https://discord.com/assets/sentry.36a95f7c8446f649.js:14
[   89874ms] [INFO] %c[useAuthWebsocket] 
font-weight: bold;
color: purple;
 [0ms] connecting to wss://remote-auth-gateway.discord.gg/?v=2 @ https://discord.com/assets/sentry.36a95f7c8446f649.js:14
[   90749ms] [INFO] %c[useAuthWebsocket] 
font-weight: bold;
color: purple;
 [875ms] got hello, auth timeout=316135ms @ https://discord.com/assets/sentry.36a95f7c8446f649.js:14
[   90769ms] [INFO] %c[useAuthWebsocket] 
font-weight: bold;
color: purple;
 [896ms] connected, handshaking with fingerprint: VMEjx0dE4bJt9gVWS7cLeJjJjms9ZhwIvFTcFLETw4w @ https://discord.com/assets/sentry.36a95f7c8446f649.js:14
[   91065ms] [INFO] %c[useAuthWebsocket] 
font-weight: bold;
color: purple;
 [1191ms] computed nonce proof @ https://discord.com/assets/sentry.36a95f7c8446f649.js:14
[   91353ms] [INFO] %c[useAuthWebsocket] 
font-weight: bold;
color: purple;
 [1479ms] handshake complete awaiting remote auth. @ https://discord.com/assets/sentry.36a95f7c8446f649.js:14
[   94364ms] [WARNING] The resource https://discord.com/assets/189422196a4f8b53.woff2 was preloaded using link preload but not used within a few seconds from the window's load event. Please make sure it has an appropriate `as` value and it is preloaded intentionally. @ https://discord.com/login:0
[   94364ms] [WARNING] The resource https://discord.com/assets/ce3b8055f5114434.woff2 was preloaded using link preload but not used within a few seconds from the window's load event. Please make sure it has an appropriate `as` value and it is preloaded intentionally. @ https://discord.com/login:0
[   94364ms] [WARNING] The resource https://discord.com/assets/cb2006dbced0e246.woff2 was preloaded using link preload but not used within a few seconds from the window's load event. Please make sure it has an appropriate `as` value and it is preloaded intentionally. @ https://discord.com/login:0
[   94364ms] [WARNING] The resource https://discord.com/assets/7a6a566c2e88a35d.woff2 was preloaded using link preload but not used within a few seconds from the window's load event. Please make sure it has an appropriate `as` value and it is preloaded intentionally. @ https://discord.com/login:0
[   94364ms] [WARNING] The resource https://discord.com/assets/e52f0cba712e2fb4.woff2 was preloaded using link preload but not used within a few seconds from the window's load event. Please make sure it has an appropriate `as` value and it is preloaded intentionally. @ https://discord.com/login:0
[   94364ms] [WARNING] The resource https://discord.com/assets/dd24010f3cf7def7.woff2 was preloaded using link preload but not used within a few seconds from the window's load event. Please make sure it has an appropriate `as` value and it is preloaded intentionally. @ https://discord.com/login:0
[  114506ms] [INFO] %c[useAuthWebsocket] 
font-weight: bold;
color: purple;
 [24633ms] disconnected, code: 1006  @ https://discord.com/assets/sentry.36a95f7c8446f649.js:14
[  114506ms] [ERROR] %c[useAuthWebsocket] 
font-weight: bold;
color: purple;
 Could not complete Remote Auth login, trying to restart with a new Remote Auth session. @ https://discord.com/assets/sentry.36a95f7c8446f649.js:14
[  117632ms] [INFO] %c[useAuthWebsocket] 
font-weight: bold;
color: purple;
 [27759ms] cleaning up @ https://discord.com/assets/sentry.36a95f7c8446f649.js:14
[  117633ms] [INFO] %c[useAuthWebsocket] 
font-weight: bold;
color: purple;
 [0ms] connecting to wss://remote-auth-gateway.discord.gg/?v=2 @ https://discord.com/assets/sentry.36a95f7c8446f649.js:14
[  118649ms] [INFO] %c[useAuthWebsocket] 
font-weight: bold;
color: purple;
 [1016ms] got hello, auth timeout=328119ms @ https://discord.com/assets/sentry.36a95f7c8446f649.js:14
[  118678ms] [INFO] %c[useAuthWebsocket] 
font-weight: bold;
color: purple;
 [1046ms] connected, handshaking with fingerprint: Weqt2E39Hr6ukXExMDb2_TuchRWV6zt2z9hVwfA5K4A @ https://discord.com/assets/sentry.36a95f7c8446f649.js:14
[  118975ms] [INFO] %c[useAuthWebsocket] 
font-weight: bold;
color: purple;
 [1342ms] computed nonce proof @ https://discord.com/assets/sentry.36a95f7c8446f649.js:14
[  119285ms] [INFO] %c[useAuthWebsocket] 
font-weight: bold;
color: purple;
 [1652ms] handshake complete awaiting remote auth. @ https://discord.com/assets/sentry.36a95f7c8446f649.js:14
[  122298ms] [WARNING] The resource https://discord.com/assets/189422196a4f8b53.woff2 was preloaded using link preload but not used within a few seconds from the window's load event. Please make sure it has an appropriate `as` value and it is preloaded intentionally. @ https://discord.com/login:0
[  122298ms] [WARNING] The resource https://discord.com/assets/ce3b8055f5114434.woff2 was preloaded using link preload but not used within a few seconds from the window's load event. Please make sure it has an appropriate `as` value and it is preloaded intentionally. @ https://discord.com/login:0
[  122298ms] [WARNING] The resource https://discord.com/assets/cb2006dbced0e246.woff2 was preloaded using link preload but not used within a few seconds from the window's load event. Please make sure it has an appropriate `as` value and it is preloaded intentionally. @ https://discord.com/login:0
[  122298ms] [WARNING] The resource https://discord.com/assets/7a6a566c2e88a35d.woff2 was preloaded using link preload but not used within a few seconds from the window's load event. Please make sure it has an appropriate `as` value and it is preloaded intentionally. @ https://discord.com/login:0
[  122298ms] [WARNING] The resource https://discord.com/assets/e52f0cba712e2fb4.woff2 was preloaded using link preload but not used within a few seconds from the window's load event. Please make sure it has an appropriate `as` value and it is preloaded intentionally. @ https://discord.com/login:0
[  122298ms] [WARNING] The resource https://discord.com/assets/dd24010f3cf7def7.woff2 was preloaded using link preload but not used within a few seconds from the window's load event. Please make sure it has an appropriate `as` value and it is preloaded intentionally. @ https://discord.com/login:0
[  134096ms] [INFO] %c[useAuthWebsocket] 
font-weight: bold;
color: purple;
 [16463ms] disconnected, code: 1006  @ https://discord.com/assets/sentry.36a95f7c8446f649.js:14
[  134096ms] [ERROR] %c[useAuthWebsocket] 
font-weight: bold;
color: purple;
 Could not complete Remote Auth login, trying to restart with a new Remote Auth session. @ https://discord.com/assets/sentry.36a95f7c8446f649.js:14
[  136007ms] [INFO] %c[useAuthWebsocket] 
font-weight: bold;
color: purple;
 [18375ms] cleaning up @ https://discord.com/assets/sentry.36a95f7c8446f649.js:14
[  136008ms] [INFO] %c[useAuthWebsocket] 
font-weight: bold;
color: purple;
 [0ms] connecting to wss://remote-auth-gateway.discord.gg/?v=2 @ https://discord.com/assets/sentry.36a95f7c8446f649.js:14
[  137359ms] [INFO] %c[useAuthWebsocket] 
font-weight: bold;
color: purple;
 [1352ms] got hello, auth timeout=287000ms @ https://discord.com/assets/sentry.36a95f7c8446f649.js:14
[  137403ms] [INFO] %c[useAuthWebsocket] 
font-weight: bold;
color: purple;
 [1395ms] connected, handshaking with fingerprint: 4Xv357whBJtaqjhNmFF3B28IbZ2Ka5yzPpgyrkqZfLw @ https://discord.com/assets/sentry.36a95f7c8446f649.js:14
[  137725ms] [INFO] %c[useAuthWebsocket] 
font-weight: bold;
color: purple;
 [1718ms] computed nonce proof @ https://discord.com/assets/sentry.36a95f7c8446f649.js:14
[  138048ms] [INFO] %c[useAuthWebsocket] 
font-weight: bold;
color: purple;
 [2041ms] handshake complete awaiting remote auth. @ https://discord.com/assets/sentry.36a95f7c8446f649.js:14
[  141054ms] [WARNING] The resource https://discord.com/assets/189422196a4f8b53.woff2 was preloaded using link preload but not used within a few seconds from the window's load event. Please make sure it has an appropriate `as` value and it is preloaded intentionally. @ https://discord.com/login:0
[  141054ms] [WARNING] The resource https://discord.com/assets/ce3b8055f5114434.woff2 was preloaded using link preload but not used within a few seconds from the window's load event. Please make sure it has an appropriate `as` value and it is preloaded intentionally. @ https://discord.com/login:0
[  141054ms] [WARNING] The resource https://discord.com/assets/cb2006dbced0e246.woff2 was preloaded using link preload but not used within a few seconds from the window's load event. Please make sure it has an appropriate `as` value and it is preloaded intentionally. @ https://discord.com/login:0
[  141054ms] [WARNING] The resource https://discord.com/assets/7a6a566c2e88a35d.woff2 was preloaded using link preload but not used within a few seconds from the window's load event. Please make sure it has an appropriate `as` value and it is preloaded intentionally. @ https://discord.com/login:0
[  141054ms] [WARNING] The resource https://discord.com/assets/e52f0cba712e2fb4.woff2 was preloaded using link preload but not used within a few seconds from the window's load event. Please make sure it has an appropriate `as` value and it is preloaded intentionally. @ https://discord.com/login:0
[  141054ms] [WARNING] The resource https://discord.com/assets/dd24010f3cf7def7.woff2 was preloaded using link preload but not used within a few seconds from the window's load event. Please make sure it has an appropriate `as` value and it is preloaded intentionally. @ https://discord.com/login:0
[  152525ms] [INFO] %c[useAuthWebsocket] 
font-weight: bold;
color: purple;
 [16517ms] disconnected, code: 1006  @ https://discord.com/assets/sentry.36a95f7c8446f649.js:14
[  152525ms] [ERROR] %c[useAuthWebsocket] 
font-weight: bold;
color: purple;
 Could not complete Remote Auth login, trying to restart with a new Remote Auth session. @ https://discord.com/assets/sentry.36a95f7c8446f649.js:14
[  154966ms] [INFO] %c[useAuthWebsocket] 
font-weight: bold;
color: purple;
 [18959ms] cleaning up @ https://discord.com/assets/sentry.36a95f7c8446f649.js:14
[  154967ms] [INFO] %c[useAuthWebsocket] 
font-weight: bold;
color: purple;
 [0ms] connecting to wss://remote-auth-gateway.discord.gg/?v=2 @ https://discord.com/assets/sentry.36a95f7c8446f649.js:14
[  156264ms] [INFO] %c[useAuthWebsocket] 
font-weight: bold;
color: purple;
 [1298ms] got hello, auth timeout=343154ms @ https://discord.com/assets/sentry.36a95f7c8446f649.js:14
[  156306ms] [INFO] %c[useAuthWebsocket] 
font-weight: bold;
color: purple;
 [1339ms] connected, handshaking with fingerprint: eaONnHhoQhqoS4f4UW6O_3fv8YQF8rrIW3e49xEqCpE @ https://discord.com/assets/sentry.36a95f7c8446f649.js:14
[  156907ms] [INFO] %c[useAuthWebsocket] 
font-weight: bold;
color: purple;
 [1940ms] computed nonce proof @ https://discord.com/assets/sentry.36a95f7c8446f649.js:14
[  157243ms] [INFO] %c[useAuthWebsocket] 
font-weight: bold;
color: purple;
 [2276ms] handshake complete awaiting remote auth. @ https://discord.com/assets/sentry.36a95f7c8446f649.js:14
[  160261ms] [WARNING] The resource https://discord.com/assets/189422196a4f8b53.woff2 was preloaded using link preload but not used within a few seconds from the window's load event. Please make sure it has an appropriate `as` value and it is preloaded intentionally. @ https://discord.com/login:0
[  160261ms] [WARNING] The resource https://discord.com/assets/ce3b8055f5114434.woff2 was preloaded using link preload but not used within a few seconds from the window's load event. Please make sure it has an appropriate `as` value and it is preloaded intentionally. @ https://discord.com/login:0
[  160261ms] [WARNING] The resource https://discord.com/assets/cb2006dbced0e246.woff2 was preloaded using link preload but not used within a few seconds from the window's load event. Please make sure it has an appropriate `as` value and it is preloaded intentionally. @ https://discord.com/login:0
[  160261ms] [WARNING] The resource https://discord.com/assets/7a6a566c2e88a35d.woff2 was preloaded using link preload but not used within a few seconds from the window's load event. Please make sure it has an appropriate `as` value and it is preloaded intentionally. @ https://discord.com/login:0
[  160261ms] [WARNING] The resource https://discord.com/assets/e52f0cba712e2fb4.woff2 was preloaded using link preload but not used within a few seconds from the window's load event. Please make sure it has an appropriate `as` value and it is preloaded intentionally. @ https://discord.com/login:0
[  160261ms] [WARNING] The resource https://discord.com/assets/dd24010f3cf7def7.woff2 was preloaded using link preload but not used within a few seconds from the window's load event. Please make sure it has an appropriate `as` value and it is preloaded intentionally. @ https://discord.com/login:0
[  171599ms] [INFO] %c[useAuthWebsocket] 
font-weight: bold;
color: purple;
 [16632ms] disconnected, code: 1006  @ https://discord.com/assets/sentry.36a95f7c8446f649.js:14
[  171599ms] [ERROR] %c[useAuthWebsocket] 
font-weight: bold;
color: purple;
 Could not complete Remote Auth login, trying to restart with a new Remote Auth session. @ https://discord.com/assets/sentry.36a95f7c8446f649.js:14
[  174515ms] [INFO] %c[useAuthWebsocket] 
font-weight: bold;
color: purple;
 [19549ms] cleaning up @ https://discord.com/assets/sentry.36a95f7c8446f649.js:14
[  174516ms] [INFO] %c[useAuthWebsocket] 
font-weight: bold;
color: purple;
 [0ms] connecting to wss://remote-auth-gateway.discord.gg/?v=2 @ https://discord.com/assets/sentry.36a95f7c8446f649.js:14
[  175820ms] [INFO] %c[useAuthWebsocket] 
font-weight: bold;
color: purple;
 [1304ms] got hello, auth timeout=289941ms @ https://discord.com/assets/sentry.36a95f7c8446f649.js:14
[  175849ms] [INFO] %c[useAuthWebsocket] 
font-weight: bold;
color: purple;
 [1333ms] connected, handshaking with fingerprint: 3mv6jD5D_sa4Wh48LwiO2m1hsOOme10XwKo165UfmaQ @ https://discord.com/assets/sentry.36a95f7c8446f649.js:14
[  176507ms] [INFO] %c[useAuthWebsocket] 
font-weight: bold;
color: purple;
 [1991ms] computed nonce proof @ https://discord.com/assets/sentry.36a95f7c8446f649.js:14
[  176886ms] [INFO] %c[useAuthWebsocket] 
font-weight: bold;
color: purple;
 [2370ms] handshake complete awaiting remote auth. @ https://discord.com/assets/sentry.36a95f7c8446f649.js:14
[  179898ms] [WARNING] The resource https://discord.com/assets/189422196a4f8b53.woff2 was preloaded using link preload but not used within a few seconds from the window's load event. Please make sure it has an appropriate `as` value and it is preloaded intentionally. @ https://discord.com/login:0
[  179898ms] [WARNING] The resource https://discord.com/assets/ce3b8055f5114434.woff2 was preloaded using link preload but not used within a few seconds from the window's load event. Please make sure it has an appropriate `as` value and it is preloaded intentionally. @ https://discord.com/login:0
[  179898ms] [WARNING] The resource https://discord.com/assets/cb2006dbced0e246.woff2 was preloaded using link preload but not used within a few seconds from the window's load event. Please make sure it has an appropriate `as` value and it is preloaded intentionally. @ https://discord.com/login:0
[  179898ms] [WARNING] The resource https://discord.com/assets/7a6a566c2e88a35d.woff2 was preloaded using link preload but not used within a few seconds from the window's load event. Please make sure it has an appropriate `as` value and it is preloaded intentionally. @ https://discord.com/login:0
[  179898ms] [WARNING] The resource https://discord.com/assets/e52f0cba712e2fb4.woff2 was preloaded using link preload but not used within a few seconds from the window's load event. Please make sure it has an appropriate `as` value and it is preloaded intentionally. @ https://discord.com/login:0
[  179898ms] [WARNING] The resource https://discord.com/assets/dd24010f3cf7def7.woff2 was preloaded using link preload but not used within a few seconds from the window's load event. Please make sure it has an appropriate `as` value and it is preloaded intentionally. @ https://discord.com/login:0
[  199339ms] [INFO] %c[useAuthWebsocket] 
font-weight: bold;
color: purple;
 [24823ms] disconnected, code: 1006  @ https://discord.com/assets/sentry.36a95f7c8446f649.js:14
[  199339ms] [ERROR] %c[useAuthWebsocket] 
font-weight: bold;
color: purple;
 Could not complete Remote Auth login, trying to restart with a new Remote Auth session. @ https://discord.com/assets/sentry.36a95f7c8446f649.js:14
[  201817ms] [INFO] %c[useAuthWebsocket] 
font-weight: bold;
color: purple;
 [27301ms] cleaning up @ https://discord.com/assets/sentry.36a95f7c8446f649.js:14
[  201818ms] [INFO] %c[useAuthWebsocket] 
font-weight: bold;
color: purple;
 [0ms] connecting to wss://remote-auth-gateway.discord.gg/?v=2 @ https://discord.com/assets/sentry.36a95f7c8446f649.js:14
[  203087ms] [INFO] %c[useAuthWebsocket] 
font-weight: bold;
color: purple;
 [1270ms] got hello, auth timeout=299082ms @ https://discord.com/assets/sentry.36a95f7c8446f649.js:14
[  203139ms] [INFO] %c[useAuthWebsocket] 
font-weight: bold;
color: purple;
 [1322ms] connected, handshaking with fingerprint: U-FMP2GYrOFtRO5sTIL0fjqY3_OlmCTYDWwXYL8xD7M @ https://discord.com/assets/sentry.36a95f7c8446f649.js:14
[  203469ms] [INFO] %c[useAuthWebsocket] 
font-weight: bold;
color: purple;
 [1652ms] computed nonce proof @ https://discord.com/assets/sentry.36a95f7c8446f649.js:14
[  203788ms] [INFO] %c[useAuthWebsocket] 
font-weight: bold;
color: purple;
 [1971ms] handshake complete awaiting remote auth. @ https://discord.com/assets/sentry.36a95f7c8446f649.js:14
[  206800ms] [WARNING] The resource https://discord.com/assets/189422196a4f8b53.woff2 was preloaded using link preload but not used within a few seconds from the window's load event. Please make sure it has an appropriate `as` value and it is preloaded intentionally. @ https://discord.com/login:0
[  206800ms] [WARNING] The resource https://discord.com/assets/ce3b8055f5114434.woff2 was preloaded using link preload but not used within a few seconds from the window's load event. Please make sure it has an appropriate `as` value and it is preloaded intentionally. @ https://discord.com/login:0
[  206800ms] [WARNING] The resource https://discord.com/assets/cb2006dbced0e246.woff2 was preloaded using link preload but not used within a few seconds from the window's load event. Please make sure it has an appropriate `as` value and it is preloaded intentionally. @ https://discord.com/login:0
[  206801ms] [WARNING] The resource https://discord.com/assets/7a6a566c2e88a35d.woff2 was preloaded using link preload but not used within a few seconds from the window's load event. Please make sure it has an appropriate `as` value and it is preloaded intentionally. @ https://discord.com/login:0
[  206801ms] [WARNING] The resource https://discord.com/assets/e52f0cba712e2fb4.woff2 was preloaded using link preload but not used within a few seconds from the window's load event. Please make sure it has an appropriate `as` value and it is preloaded intentionally. @ https://discord.com/login:0
[  206801ms] [WARNING] The resource https://discord.com/assets/dd24010f3cf7def7.woff2 was preloaded using link preload but not used within a few seconds from the window's load event. Please make sure it has an appropriate `as` value and it is preloaded intentionally. @ https://discord.com/login:0
[  226214ms] [INFO] %c[useAuthWebsocket] 
font-weight: bold;
color: purple;
 [24397ms] disconnected, code: 1006  @ https://discord.com/assets/sentry.36a95f7c8446f649.js:14
[  226214ms] [ERROR] %c[useAuthWebsocket] 
font-weight: bold;
color: purple;
 Could not complete Remote Auth login, trying to restart with a new Remote Auth session. @ https://discord.com/assets/sentry.36a95f7c8446f649.js:14
[  228050ms] [INFO] %c[useAuthWebsocket] 
font-weight: bold;
color: purple;
 [26233ms] cleaning up @ https://discord.com/assets/sentry.36a95f7c8446f649.js:14
[  228051ms] [INFO] %c[useAuthWebsocket] 
font-weight: bold;
color: purple;
 [0ms] connecting to wss://remote-auth-gateway.discord.gg/?v=2 @ https://discord.com/assets/sentry.36a95f7c8446f649.js:14
[  228617ms] [INFO] %c[useAuthWebsocket] 
font-weight: bold;
color: purple;
 [566ms] got hello, auth timeout=309979ms @ https://discord.com/assets/sentry.36a95f7c8446f649.js:14
[  228648ms] [INFO] %c[useAuthWebsocket] 
font-weight: bold;
color: purple;
 [598ms] connected, handshaking with fingerprint: Vo-m3crU9tXK9iMBU2W8gsEvaUVNwsfvvL6Dj0NBUAI @ https://discord.com/assets/sentry.36a95f7c8446f649.js:14
[  228912ms] [INFO] %c[useAuthWebsocket] 
font-weight: bold;
color: purple;
 [861ms] computed nonce proof @ https://discord.com/assets/sentry.36a95f7c8446f649.js:14
[  229162ms] [INFO] %c[useAuthWebsocket] 
font-weight: bold;
color: purple;
 [1112ms] handshake complete awaiting remote auth. @ https://discord.com/assets/sentry.36a95f7c8446f649.js:14
[  232174ms] [WARNING] The resource https://discord.com/assets/189422196a4f8b53.woff2 was preloaded using link preload but not used within a few seconds from the window's load event. Please make sure it has an appropriate `as` value and it is preloaded intentionally. @ https://discord.com/login:0
[  232174ms] [WARNING] The resource https://discord.com/assets/ce3b8055f5114434.woff2 was preloaded using link preload but not used within a few seconds from the window's load event. Please make sure it has an appropriate `as` value and it is preloaded intentionally. @ https://discord.com/login:0
[  232174ms] [WARNING] The resource https://discord.com/assets/cb2006dbced0e246.woff2 was preloaded using link preload but not used within a few seconds from the window's load event. Please make sure it has an appropriate `as` value and it is preloaded intentionally. @ https://discord.com/login:0
[  232174ms] [WARNING] The resource https://discord.com/assets/7a6a566c2e88a35d.woff2 was preloaded using link preload but not used within a few seconds from the window's load event. Please make sure it has an appropriate `as` value and it is preloaded intentionally. @ https://discord.com/login:0
[  232174ms] [WARNING] The resource https://discord.com/assets/e52f0cba712e2fb4.woff2 was preloaded using link preload but not used within a few seconds from the window's load event. Please make sure it has an appropriate `as` value and it is preloaded intentionally. @ https://discord.com/login:0
[  232174ms] [WARNING] The resource https://discord.com/assets/dd24010f3cf7def7.woff2 was preloaded using link preload but not used within a few seconds from the window's load event. Please make sure it has an appropriate `as` value and it is preloaded intentionally. @ https://discord.com/login:0
[  252338ms] [INFO] %c[useAuthWebsocket] 
font-weight: bold;
color: purple;
 [24287ms] disconnected, code: 1006  @ https://discord.com/assets/sentry.36a95f7c8446f649.js:14
[  252338ms] [ERROR] %c[useAuthWebsocket] 
font-weight: bold;
color: purple;
 Could not complete Remote Auth login, trying to restart with a new Remote Auth session. @ https://discord.com/assets/sentry.36a95f7c8446f649.js:14
[  255853ms] [INFO] %c[useAuthWebsocket] 
font-weight: bold;
color: purple;
 [27803ms] cleaning up @ https://discord.com/assets/sentry.36a95f7c8446f649.js:14
[  255854ms] [INFO] %c[useAuthWebsocket] 
font-weight: bold;
color: purple;
 [0ms] connecting to wss://remote-auth-gateway.discord.gg/?v=2 @ https://discord.com/assets/sentry.36a95f7c8446f649.js:14
[  256456ms] [INFO] %c[useAuthWebsocket] 
font-weight: bold;
color: purple;
 [602ms] got hello, auth timeout=321371ms @ https://discord.com/assets/sentry.36a95f7c8446f649.js:14
[  256491ms] [INFO] %c[useAuthWebsocket] 
font-weight: bold;
color: purple;
 [637ms] connected, handshaking with fingerprint: jxSB2cOy1uFu5dfQiivY7gZ1qe05s5BigcGrqXB2ymc @ https://discord.com/assets/sentry.36a95f7c8446f649.js:14
[  256755ms] [INFO] %c[useAuthWebsocket] 
font-weight: bold;
color: purple;
 [902ms] computed nonce proof @ https://discord.com/assets/sentry.36a95f7c8446f649.js:14
[  257019ms] [INFO] %c[useAuthWebsocket] 
font-weight: bold;
color: purple;
 [1165ms] handshake complete awaiting remote auth. @ https://discord.com/assets/sentry.36a95f7c8446f649.js:14
[  260027ms] [WARNING] The resource https://discord.com/assets/189422196a4f8b53.woff2 was preloaded using link preload but not used within a few seconds from the window's load event. Please make sure it has an appropriate `as` value and it is preloaded intentionally. @ https://discord.com/login:0
[  260027ms] [WARNING] The resource https://discord.com/assets/ce3b8055f5114434.woff2 was preloaded using link preload but not used within a few seconds from the window's load event. Please make sure it has an appropriate `as` value and it is preloaded intentionally. @ https://discord.com/login:0
[  260027ms] [WARNING] The resource https://discord.com/assets/cb2006dbced0e246.woff2 was preloaded using link preload but not used within a few seconds from the window's load event. Please make sure it has an appropriate `as` value and it is preloaded intentionally. @ https://discord.com/login:0
[  260027ms] [WARNING] The resource https://discord.com/assets/7a6a566c2e88a35d.woff2 was preloaded using link preload but not used within a few seconds from the window's load event. Please make sure it has an appropriate `as` value and it is preloaded intentionally. @ https://discord.com/login:0
[  260027ms] [WARNING] The resource https://discord.com/assets/e52f0cba712e2fb4.woff2 was preloaded using link preload but not used within a few seconds from the window's load event. Please make sure it has an appropriate `as` value and it is preloaded intentionally. @ https://discord.com/login:0
[  260027ms] [WARNING] The resource https://discord.com/assets/dd24010f3cf7def7.woff2 was preloaded using link preload but not used within a few seconds from the window's load event. Please make sure it has an appropriate `as` value and it is preloaded intentionally. @ https://discord.com/login:0
[  272168ms] [INFO] %c[useAuthWebsocket] 
font-weight: bold;
color: purple;
 [16314ms] disconnected, code: 1006  @ https://discord.com/assets/sentry.36a95f7c8446f649.js:14
[  272168ms] [ERROR] %c[useAuthWebsocket] 
font-weight: bold;
color: purple;
 Could not complete Remote Auth login, trying to restart with a new Remote Auth session. @ https://discord.com/assets/sentry.36a95f7c8446f649.js:14
[  275472ms] [INFO] %c[useAuthWebsocket] 
font-weight: bold;
color: purple;
 [19618ms] cleaning up @ https://discord.com/assets/sentry.36a95f7c8446f649.js:14
[  275473ms] [INFO] %c[useAuthWebsocket] 
font-weight: bold;
color: purple;
 [0ms] connecting to wss://remote-auth-gateway.discord.gg/?v=2 @ https://discord.com/assets/sentry.36a95f7c8446f649.js:14
[  276062ms] [INFO] %c[useAuthWebsocket] 
font-weight: bold;
color: purple;
 [589ms] got hello, auth timeout=242709ms @ https://discord.com/assets/sentry.36a95f7c8446f649.js:14
[  276098ms] [INFO] %c[useAuthWebsocket] 
font-weight: bold;
color: purple;
 [626ms] connected, handshaking with fingerprint: Scs7Jq1jfPRaCZAr2Mjmv4wSMM_YLHGHp2zxeEammik @ https://discord.com/assets/sentry.36a95f7c8446f649.js:14
[  276350ms] [INFO] %c[useAuthWebsocket] 
font-weight: bold;
color: purple;
 [877ms] computed nonce proof @ https://discord.com/assets/sentry.36a95f7c8446f649.js:14
[  276602ms] [INFO] %c[useAuthWebsocket] 
font-weight: bold;
color: purple;
 [1130ms] handshake complete awaiting remote auth. @ https://discord.com/assets/sentry.36a95f7c8446f649.js:14
[  279614ms] [WARNING] The resource https://discord.com/assets/189422196a4f8b53.woff2 was preloaded using link preload but not used within a few seconds from the window's load event. Please make sure it has an appropriate `as` value and it is preloaded intentionally. @ https://discord.com/login:0
[  279614ms] [WARNING] The resource https://discord.com/assets/ce3b8055f5114434.woff2 was preloaded using link preload but not used within a few seconds from the window's load event. Please make sure it has an appropriate `as` value and it is preloaded intentionally. @ https://discord.com/login:0
[  279614ms] [WARNING] The resource https://discord.com/assets/cb2006dbced0e246.woff2 was preloaded using link preload but not used within a few seconds from the window's load event. Please make sure it has an appropriate `as` value and it is preloaded intentionally. @ https://discord.com/login:0
[  279614ms] [WARNING] The resource https://discord.com/assets/7a6a566c2e88a35d.woff2 was preloaded using link preload but not used within a few seconds from the window's load event. Please make sure it has an appropriate `as` value and it is preloaded intentionally. @ https://discord.com/login:0
[  279614ms] [WARNING] The resource https://discord.com/assets/e52f0cba712e2fb4.woff2 was preloaded using link preload but not used within a few seconds from the window's load event. Please make sure it has an appropriate `as` value and it is preloaded intentionally. @ https://discord.com/login:0
[  279614ms] [WARNING] The resource https://discord.com/assets/dd24010f3cf7def7.woff2 was preloaded using link preload but not used within a few seconds from the window's load event. Please make sure it has an appropriate `as` value and it is preloaded intentionally. @ https://discord.com/login:0
[  299788ms] [INFO] %c[useAuthWebsocket] 
font-weight: bold;
color: purple;
 [24315ms] disconnected, code: 1006  @ https://discord.com/assets/sentry.36a95f7c8446f649.js:14
[  299788ms] [ERROR] %c[useAuthWebsocket] 
font-weight: bold;
color: purple;
 Could not complete Remote Auth login, trying to restart with a new Remote Auth session. @ https://discord.com/assets/sentry.36a95f7c8446f649.js:14
[  304125ms] [INFO] %c[useAuthWebsocket] 
font-weight: bold;
color: purple;
 [28653ms] cleaning up @ https://discord.com/assets/sentry.36a95f7c8446f649.js:14
[  304126ms] [INFO] %c[useAuthWebsocket] 
font-weight: bold;
color: purple;
 [0ms] connecting to wss://remote-auth-gateway.discord.gg/?v=2 @ https://discord.com/assets/sentry.36a95f7c8446f649.js:14
[  306124ms] [INFO] %c[useAuthWebsocket] 
font-weight: bold;
color: purple;
 [1998ms] got hello, auth timeout=335807ms @ https://discord.com/assets/sentry.36a95f7c8446f649.js:14
[  306221ms] [INFO] %c[useAuthWebsocket] 
font-weight: bold;
color: purple;
 [2096ms] connected, handshaking with fingerprint: kYuRNC3ECRo6G6sD28lqenosseJfyISV3ObQB1TXSM0 @ https://discord.com/assets/sentry.36a95f7c8446f649.js:14
[  306800ms] [INFO] %c[useAuthWebsocket] 
font-weight: bold;
color: purple;
 [2675ms] computed nonce proof @ https://discord.com/assets/sentry.36a95f7c8446f649.js:14
[  307106ms] [INFO] %c[useAuthWebsocket] 
font-weight: bold;
color: purple;
 [2981ms] handshake complete awaiting remote auth. @ https://discord.com/assets/sentry.36a95f7c8446f649.js:14
[  310114ms] [WARNING] The resource https://discord.com/assets/189422196a4f8b53.woff2 was preloaded using link preload but not used within a few seconds from the window's load event. Please make sure it has an appropriate `as` value and it is preloaded intentionally. @ https://discord.com/login:0
[  310115ms] [WARNING] The resource https://discord.com/assets/ce3b8055f5114434.woff2 was preloaded using link preload but not used within a few seconds from the window's load event. Please make sure it has an appropriate `as` value and it is preloaded intentionally. @ https://discord.com/login:0
[  310115ms] [WARNING] The resource https://discord.com/assets/cb2006dbced0e246.woff2 was preloaded using link preload but not used within a few seconds from the window's load event. Please make sure it has an appropriate `as` value and it is preloaded intentionally. @ https://discord.com/login:0
[  310115ms] [WARNING] The resource https://discord.com/assets/7a6a566c2e88a35d.woff2 was preloaded using link preload but not used within a few seconds from the window's load event. Please make sure it has an appropriate `as` value and it is preloaded intentionally. @ https://discord.com/login:0
[  310115ms] [WARNING] The resource https://discord.com/assets/e52f0cba712e2fb4.woff2 was preloaded using link preload but not used within a few seconds from the window's load event. Please make sure it has an appropriate `as` value and it is preloaded intentionally. @ https://discord.com/login:0
[  310115ms] [WARNING] The resource https://discord.com/assets/dd24010f3cf7def7.woff2 was preloaded using link preload but not used within a few seconds from the window's load event. Please make sure it has an appropriate `as` value and it is preloaded intentionally. @ https://discord.com/login:0
[  321555ms] [INFO] %c[useAuthWebsocket] 
font-weight: bold;
color: purple;
 [17429ms] disconnected, code: 1006  @ https://discord.com/assets/sentry.36a95f7c8446f649.js:14
[  321555ms] [ERROR] %c[useAuthWebsocket] 
font-weight: bold;
color: purple;
 Could not complete Remote Auth login, trying to restart with a new Remote Auth session. @ https://discord.com/assets/sentry.36a95f7c8446f649.js:14
[  325835ms] [INFO] %c[useAuthWebsocket] 
font-weight: bold;
color: purple;
 [21709ms] cleaning up @ https://discord.com/assets/sentry.36a95f7c8446f649.js:14
[  325836ms] [INFO] %c[useAuthWebsocket] 
font-weight: bold;
color: purple;
 [0ms] connecting to wss://remote-auth-gateway.discord.gg/?v=2 @ https://discord.com/assets/sentry.36a95f7c8446f649.js:14
[  326733ms] [INFO] %c[useAuthWebsocket] 
font-weight: bold;
color: purple;
 [898ms] got hello, auth timeout=242485ms @ https://discord.com/assets/sentry.36a95f7c8446f649.js:14
[  326873ms] [INFO] %c[useAuthWebsocket] 
font-weight: bold;
color: purple;
 [1038ms] connected, handshaking with fingerprint: 4V3WPW6dUmWItxglfywvGGLgJ6wH8wntex78XJWfUgE @ https://discord.com/assets/sentry.36a95f7c8446f649.js:14
[  327183ms] [INFO] %c[useAuthWebsocket] 
font-weight: bold;
color: purple;
 [1349ms] computed nonce proof @ https://discord.com/assets/sentry.36a95f7c8446f649.js:14
[  327497ms] [INFO] %c[useAuthWebsocket] 
font-weight: bold;
color: purple;
 [1662ms] handshake complete awaiting remote auth. @ https://discord.com/assets/sentry.36a95f7c8446f649.js:14
[  330509ms] [WARNING] The resource https://discord.com/assets/189422196a4f8b53.woff2 was preloaded using link preload but not used within a few seconds from the window's load event. Please make sure it has an appropriate `as` value and it is preloaded intentionally. @ https://discord.com/login:0
[  330509ms] [WARNING] The resource https://discord.com/assets/ce3b8055f5114434.woff2 was preloaded using link preload but not used within a few seconds from the window's load event. Please make sure it has an appropriate `as` value and it is preloaded intentionally. @ https://discord.com/login:0
[  330509ms] [WARNING] The resource https://discord.com/assets/cb2006dbced0e246.woff2 was preloaded using link preload but not used within a few seconds from the window's load event. Please make sure it has an appropriate `as` value and it is preloaded intentionally. @ https://discord.com/login:0
[  330509ms] [WARNING] The resource https://discord.com/assets/7a6a566c2e88a35d.woff2 was preloaded using link preload but not used within a few seconds from the window's load event. Please make sure it has an appropriate `as` value and it is preloaded intentionally. @ https://discord.com/login:0
[  330509ms] [WARNING] The resource https://discord.com/assets/e52f0cba712e2fb4.woff2 was preloaded using link preload but not used within a few seconds from the window's load event. Please make sure it has an appropriate `as` value and it is preloaded intentionally. @ https://discord.com/login:0
[  330509ms] [WARNING] The resource https://discord.com/assets/dd24010f3cf7def7.woff2 was preloaded using link preload but not used within a few seconds from the window's load event. Please make sure it has an appropriate `as` value and it is preloaded intentionally. @ https://discord.com/login:0
[  342380ms] [INFO] %c[useAuthWebsocket] 
font-weight: bold;
color: purple;
 [16545ms] disconnected, code: 1006  @ https://discord.com/assets/sentry.36a95f7c8446f649.js:14
[  342380ms] [ERROR] %c[useAuthWebsocket] 
font-weight: bold;
color: purple;
 Could not complete Remote Auth login, trying to restart with a new Remote Auth session. @ https://discord.com/assets/sentry.36a95f7c8446f649.js:14
[  344468ms] [INFO] %c[useAuthWebsocket] 
font-weight: bold;
color: purple;
 [18634ms] cleaning up @ https://discord.com/assets/sentry.36a95f7c8446f649.js:14
[  344469ms] [INFO] %c[useAuthWebsocket] 
font-weight: bold;
color: purple;
 [0ms] connecting to wss://remote-auth-gateway.discord.gg/?v=2 @ https://discord.com/assets/sentry.36a95f7c8446f649.js:14
[  345273ms] [INFO] %c[useAuthWebsocket] 
font-weight: bold;
color: purple;
 [804ms] got hello, auth timeout=330449ms @ https://discord.com/assets/sentry.36a95f7c8446f649.js:14
[  345366ms] [INFO] %c[useAuthWebsocket] 
font-weight: bold;
color: purple;
 [897ms] connected, handshaking with fingerprint: 0EoT7KDirICpe5e-4ZMou2ytXPs4CpzE7flGJWtAumc @ https://discord.com/assets/sentry.36a95f7c8446f649.js:14
[  345688ms] [INFO] %c[useAuthWebsocket] 
font-weight: bold;
color: purple;
 [1219ms] computed nonce proof @ https://discord.com/assets/sentry.36a95f7c8446f649.js:14
[  346003ms] [INFO] %c[useAuthWebsocket] 
font-weight: bold;
color: purple;
 [1535ms] handshake complete awaiting remote auth. @ https://discord.com/assets/sentry.36a95f7c8446f649.js:14
[  349019ms] [WARNING] The resource https://discord.com/assets/189422196a4f8b53.woff2 was preloaded using link preload but not used within a few seconds from the window's load event. Please make sure it has an appropriate `as` value and it is preloaded intentionally. @ https://discord.com/login:0
[  349019ms] [WARNING] The resource https://discord.com/assets/ce3b8055f5114434.woff2 was preloaded using link preload but not used within a few seconds from the window's load event. Please make sure it has an appropriate `as` value and it is preloaded intentionally. @ https://discord.com/login:0
[  349019ms] [WARNING] The resource https://discord.com/assets/cb2006dbced0e246.woff2 was preloaded using link preload but not used within a few seconds from the window's load event. Please make sure it has an appropriate `as` value and it is preloaded intentionally. @ https://discord.com/login:0
[  349019ms] [WARNING] The resource https://discord.com/assets/7a6a566c2e88a35d.woff2 was preloaded using link preload but not used within a few seconds from the window's load event. Please make sure it has an appropriate `as` value and it is preloaded intentionally. @ https://discord.com/login:0
[  349019ms] [WARNING] The resource https://discord.com/assets/e52f0cba712e2fb4.woff2 was preloaded using link preload but not used within a few seconds from the window's load event. Please make sure it has an appropriate `as` value and it is preloaded intentionally. @ https://discord.com/login:0
[  349019ms] [WARNING] The resource https://discord.com/assets/dd24010f3cf7def7.woff2 was preloaded using link preload but not used within a few seconds from the window's load event. Please make sure it has an appropriate `as` value and it is preloaded intentionally. @ https://discord.com/login:0
[  360939ms] [INFO] %c[useAuthWebsocket] 
font-weight: bold;
color: purple;
 [16470ms] disconnected, code: 1006  @ https://discord.com/assets/sentry.36a95f7c8446f649.js:14
[  360939ms] [ERROR] %c[useAuthWebsocket] 
font-weight: bold;
color: purple;
 Could not complete Remote Auth login, trying to restart with a new Remote Auth session. @ https://discord.com/assets/sentry.36a95f7c8446f649.js:14
[  364562ms] [INFO] %c[useAuthWebsocket] 
font-weight: bold;
color: purple;
 [20093ms] cleaning up @ https://discord.com/assets/sentry.36a95f7c8446f649.js:14
[  364563ms] [INFO] %c[useAuthWebsocket] 
font-weight: bold;
color: purple;
 [0ms] connecting to wss://remote-auth-gateway.discord.gg/?v=2 @ https://discord.com/assets/sentry.36a95f7c8446f649.js:14
[  365157ms] [INFO] %c[useAuthWebsocket] 
font-weight: bold;
color: purple;
 [594ms] got hello, auth timeout=300641ms @ https://discord.com/assets/sentry.36a95f7c8446f649.js:14
[  365183ms] [INFO] %c[useAuthWebsocket] 
font-weight: bold;
color: purple;
 [620ms] connected, handshaking with fingerprint: ssuXTmklU80MR59Whx7G7q-2s2dGtLi6lh6kXrh89AU @ https://discord.com/assets/sentry.36a95f7c8446f649.js:14
[  365467ms] [INFO] %c[useAuthWebsocket] 
font-weight: bold;
color: purple;
 [905ms] computed nonce proof @ https://discord.com/assets/sentry.36a95f7c8446f649.js:14
[  365757ms] [INFO] %c[useAuthWebsocket] 
font-weight: bold;
color: purple;
 [1194ms] handshake complete awaiting remote auth. @ https://discord.com/assets/sentry.36a95f7c8446f649.js:14
[  368776ms] [WARNING] The resource https://discord.com/assets/189422196a4f8b53.woff2 was preloaded using link preload but not used within a few seconds from the window's load event. Please make sure it has an appropriate `as` value and it is preloaded intentionally. @ https://discord.com/login:0
[  368776ms] [WARNING] The resource https://discord.com/assets/ce3b8055f5114434.woff2 was preloaded using link preload but not used within a few seconds from the window's load event. Please make sure it has an appropriate `as` value and it is preloaded intentionally. @ https://discord.com/login:0
[  368776ms] [WARNING] The resource https://discord.com/assets/cb2006dbced0e246.woff2 was preloaded using link preload but not used within a few seconds from the window's load event. Please make sure it has an appropriate `as` value and it is preloaded intentionally. @ https://discord.com/login:0
[  368776ms] [WARNING] The resource https://discord.com/assets/7a6a566c2e88a35d.woff2 was preloaded using link preload but not used within a few seconds from the window's load event. Please make sure it has an appropriate `as` value and it is preloaded intentionally. @ https://discord.com/login:0
[  368776ms] [WARNING] The resource https://discord.com/assets/e52f0cba712e2fb4.woff2 was preloaded using link preload but not used within a few seconds from the window's load event. Please make sure it has an appropriate `as` value and it is preloaded intentionally. @ https://discord.com/login:0
[  368776ms] [WARNING] The resource https://discord.com/assets/dd24010f3cf7def7.woff2 was preloaded using link preload but not used within a few seconds from the window's load event. Please make sure it has an appropriate `as` value and it is preloaded intentionally. @ https://discord.com/login:0
[  380853ms] [INFO] %c[useAuthWebsocket] 
font-weight: bold;
color: purple;
 [16290ms] disconnected, code: 1006  @ https://discord.com/assets/sentry.36a95f7c8446f649.js:14
[  380853ms] [ERROR] %c[useAuthWebsocket] 
font-weight: bold;
color: purple;
 Could not complete Remote Auth login, trying to restart with a new Remote Auth session. @ https://discord.com/assets/sentry.36a95f7c8446f649.js:14
[  383790ms] [INFO] %c[useAuthWebsocket] 
font-weight: bold;
color: purple;
 [19227ms] cleaning up @ https://discord.com/assets/sentry.36a95f7c8446f649.js:14
[  383791ms] [INFO] %c[useAuthWebsocket] 
font-weight: bold;
color: purple;
 [0ms] connecting to wss://remote-auth-gateway.discord.gg/?v=2 @ https://discord.com/assets/sentry.36a95f7c8446f649.js:14
[  384358ms] [INFO] %c[useAuthWebsocket] 
font-weight: bold;
color: purple;
 [568ms] got hello, auth timeout=273727ms @ https://discord.com/assets/sentry.36a95f7c8446f649.js:14
[  384443ms] [INFO] %c[useAuthWebsocket] 
font-weight: bold;
color: purple;
 [653ms] connected, handshaking with fingerprint: zj_8t06-CrltpUWzHGyVcrTbWUd0lPVqkcvYPStK6yA @ https://discord.com/assets/sentry.36a95f7c8446f649.js:14
[  384697ms] [INFO] %c[useAuthWebsocket] 
font-weight: bold;
color: purple;
 [906ms] computed nonce proof @ https://discord.com/assets/sentry.36a95f7c8446f649.js:14
[  384953ms] [INFO] %c[useAuthWebsocket] 
font-weight: bold;
color: purple;
 [1162ms] handshake complete awaiting remote auth. @ https://discord.com/assets/sentry.36a95f7c8446f649.js:14
[  387962ms] [WARNING] The resource https://discord.com/assets/189422196a4f8b53.woff2 was preloaded using link preload but not used within a few seconds from the window's load event. Please make sure it has an appropriate `as` value and it is preloaded intentionally. @ https://discord.com/login:0
[  387962ms] [WARNING] The resource https://discord.com/assets/ce3b8055f5114434.woff2 was preloaded using link preload but not used within a few seconds from the window's load event. Please make sure it has an appropriate `as` value and it is preloaded intentionally. @ https://discord.com/login:0
[  387962ms] [WARNING] The resource https://discord.com/assets/cb2006dbced0e246.woff2 was preloaded using link preload but not used within a few seconds from the window's load event. Please make sure it has an appropriate `as` value and it is preloaded intentionally. @ https://discord.com/login:0
[  387962ms] [WARNING] The resource https://discord.com/assets/7a6a566c2e88a35d.woff2 was preloaded using link preload but not used within a few seconds from the window's load event. Please make sure it has an appropriate `as` value and it is preloaded intentionally. @ https://discord.com/login:0
[  387962ms] [WARNING] The resource https://discord.com/assets/e52f0cba712e2fb4.woff2 was preloaded using link preload but not used within a few seconds from the window's load event. Please make sure it has an appropriate `as` value and it is preloaded intentionally. @ https://discord.com/login:0
[  387962ms] [WARNING] The resource https://discord.com/assets/dd24010f3cf7def7.woff2 was preloaded using link preload but not used within a few seconds from the window's load event. Please make sure it has an appropriate `as` value and it is preloaded intentionally. @ https://discord.com/login:0
[  400081ms] [INFO] %c[useAuthWebsocket] 
font-weight: bold;
color: purple;
 [16291ms] disconnected, code: 1006  @ https://discord.com/assets/sentry.36a95f7c8446f649.js:14
[  400081ms] [ERROR] %c[useAuthWebsocket] 
font-weight: bold;
color: purple;
 Could not complete Remote Auth login, trying to restart with a new Remote Auth session. @ https://discord.com/assets/sentry.36a95f7c8446f649.js:14
[  402043ms] [INFO] %c[useAuthWebsocket] 
font-weight: bold;
color: purple;
 [18252ms] cleaning up @ https://discord.com/assets/sentry.36a95f7c8446f649.js:14
[  402043ms] [INFO] %c[useAuthWebsocket] 
font-weight: bold;
color: purple;
 [0ms] connecting to wss://remote-auth-gateway.discord.gg/?v=2 @ https://discord.com/assets/sentry.36a95f7c8446f649.js:14
[  402825ms] [INFO] %c[useAuthWebsocket] 
font-weight: bold;
color: purple;
 [782ms] got hello, auth timeout=309224ms @ https://discord.com/assets/sentry.36a95f7c8446f649.js:14
[  402865ms] [INFO] %c[useAuthWebsocket] 
font-weight: bold;
color: purple;
 [823ms] connected, handshaking with fingerprint: M1hjZJmlH9fMtxHUwOjEahZORzYbGB3x9uUTlnQv1W0 @ https://discord.com/assets/sentry.36a95f7c8446f649.js:14
[  403173ms] [INFO] %c[useAuthWebsocket] 
font-weight: bold;
color: purple;
 [1130ms] computed nonce proof @ https://discord.com/assets/sentry.36a95f7c8446f649.js:14
[  403479ms] [INFO] %c[useAuthWebsocket] 
font-weight: bold;
color: purple;
 [1436ms] handshake complete awaiting remote auth. @ https://discord.com/assets/sentry.36a95f7c8446f649.js:14
[  406486ms] [WARNING] The resource https://discord.com/assets/189422196a4f8b53.woff2 was preloaded using link preload but not used within a few seconds from the window's load event. Please make sure it has an appropriate `as` value and it is preloaded intentionally. @ https://discord.com/login:0
[  406487ms] [WARNING] The resource https://discord.com/assets/ce3b8055f5114434.woff2 was preloaded using link preload but not used within a few seconds from the window's load event. Please make sure it has an appropriate `as` value and it is preloaded intentionally. @ https://discord.com/login:0
[  406487ms] [WARNING] The resource https://discord.com/assets/cb2006dbced0e246.woff2 was preloaded using link preload but not used within a few seconds from the window's load event. Please make sure it has an appropriate `as` value and it is preloaded intentionally. @ https://discord.com/login:0
[  406487ms] [WARNING] The resource https://discord.com/assets/7a6a566c2e88a35d.woff2 was preloaded using link preload but not used within a few seconds from the window's load event. Please make sure it has an appropriate `as` value and it is preloaded intentionally. @ https://discord.com/login:0
[  406487ms] [WARNING] The resource https://discord.com/assets/e52f0cba712e2fb4.woff2 was preloaded using link preload but not used within a few seconds from the window's load event. Please make sure it has an appropriate `as` value and it is preloaded intentionally. @ https://discord.com/login:0
[  406487ms] [WARNING] The resource https://discord.com/assets/dd24010f3cf7def7.woff2 was preloaded using link preload but not used within a few seconds from the window's load event. Please make sure it has an appropriate `as` value and it is preloaded intentionally. @ https://discord.com/login:0
[  418502ms] [INFO] %c[useAuthWebsocket] 
font-weight: bold;
color: purple;
 [16459ms] disconnected, code: 1006  @ https://discord.com/assets/sentry.36a95f7c8446f649.js:14
[  418502ms] [ERROR] %c[useAuthWebsocket] 
font-weight: bold;
color: purple;
 Could not complete Remote Auth login, trying to restart with a new Remote Auth session. @ https://discord.com/assets/sentry.36a95f7c8446f649.js:14
[  421771ms] [ERROR] WebSocket is already in CLOSING or CLOSED state. @ https://discord.com/assets/1f83f370a87af95c.js:0
[  421927ms] [INFO] %c[useAuthWebsocket] 
font-weight: bold;
color: purple;
 [19884ms] cleaning up @ https://discord.com/assets/sentry.36a95f7c8446f649.js:14
[  421927ms] [INFO] %c[useAuthWebsocket] 
font-weight: bold;
color: purple;
 [0ms] connecting to wss://remote-auth-gateway.discord.gg/?v=2 @ https://discord.com/assets/sentry.36a95f7c8446f649.js:14
[  422722ms] [INFO] %c[useAuthWebsocket] 
font-weight: bold;
color: purple;
 [796ms] got hello, auth timeout=277692ms @ https://discord.com/assets/sentry.36a95f7c8446f649.js:14
[  422750ms] [INFO] %c[useAuthWebsocket] 
font-weight: bold;
color: purple;
 [824ms] connected, handshaking with fingerprint: 6KdE3KJhWoSaOAlk2Fo8SrJBvw4fLoa-SKmXAsSmqBI @ https://discord.com/assets/sentry.36a95f7c8446f649.js:14
[  423059ms] [INFO] %c[useAuthWebsocket] 
font-weight: bold;
color: purple;
 [1132ms] computed nonce proof @ https://discord.com/assets/sentry.36a95f7c8446f649.js:14
[  423365ms] [INFO] %c[useAuthWebsocket] 
font-weight: bold;
color: purple;
 [1438ms] handshake complete awaiting remote auth. @ https://discord.com/assets/sentry.36a95f7c8446f649.js:14
[  426383ms] [WARNING] The resource https://discord.com/assets/189422196a4f8b53.woff2 was preloaded using link preload but not used within a few seconds from the window's load event. Please make sure it has an appropriate `as` value and it is preloaded intentionally. @ https://discord.com/login:0
[  426383ms] [WARNING] The resource https://discord.com/assets/ce3b8055f5114434.woff2 was preloaded using link preload but not used within a few seconds from the window's load event. Please make sure it has an appropriate `as` value and it is preloaded intentionally. @ https://discord.com/login:0
[  426383ms] [WARNING] The resource https://discord.com/assets/cb2006dbced0e246.woff2 was preloaded using link preload but not used within a few seconds from the window's load event. Please make sure it has an appropriate `as` value and it is preloaded intentionally. @ https://discord.com/login:0
[  426383ms] [WARNING] The resource https://discord.com/assets/7a6a566c2e88a35d.woff2 was preloaded using link preload but not used within a few seconds from the window's load event. Please make sure it has an appropriate `as` value and it is preloaded intentionally. @ https://discord.com/login:0
[  426383ms] [WARNING] The resource https://discord.com/assets/e52f0cba712e2fb4.woff2 was preloaded using link preload but not used within a few seconds from the window's load event. Please make sure it has an appropriate `as` value and it is preloaded intentionally. @ https://discord.com/login:0
[  426383ms] [WARNING] The resource https://discord.com/assets/dd24010f3cf7def7.woff2 was preloaded using link preload but not used within a few seconds from the window's load event. Please make sure it has an appropriate `as` value and it is preloaded intentionally. @ https://discord.com/login:0
[  438402ms] [INFO] %c[useAuthWebsocket] 
font-weight: bold;
color: purple;
 [16476ms] disconnected, code: 1006  @ https://discord.com/assets/sentry.36a95f7c8446f649.js:14
[  438402ms] [ERROR] %c[useAuthWebsocket] 
font-weight: bold;
color: purple;
 Could not complete Remote Auth login, trying to restart with a new Remote Auth session. @ https://discord.com/assets/sentry.36a95f7c8446f649.js:14
[  442069ms] [INFO] %c[useAuthWebsocket] 
font-weight: bold;
color: purple;
 [20142ms] cleaning up @ https://discord.com/assets/sentry.36a95f7c8446f649.js:14
[  442070ms] [INFO] %c[useAuthWebsocket] 
font-weight: bold;
color: purple;
 [0ms] connecting to wss://remote-auth-gateway.discord.gg/?v=2 @ https://discord.com/assets/sentry.36a95f7c8446f649.js:14
[  442871ms] [INFO] %c[useAuthWebsocket] 
font-weight: bold;
color: purple;
 [802ms] got hello, auth timeout=261391ms @ https://discord.com/assets/sentry.36a95f7c8446f649.js:14
[  442915ms] [INFO] %c[useAuthWebsocket] 
font-weight: bold;
color: purple;
 [845ms] connected, handshaking with fingerprint: 2JBGUbAF5IarBfYhKHetKyKqTqIQ5eBA5GduyNK3RrY @ https://discord.com/assets/sentry.36a95f7c8446f649.js:14
[  443229ms] [INFO] %c[useAuthWebsocket] 
font-weight: bold;
color: purple;
 [1160ms] computed nonce proof @ https://discord.com/assets/sentry.36a95f7c8446f649.js:14
[  443543ms] [INFO] %c[useAuthWebsocket] 
font-weight: bold;
color: purple;
 [1473ms] handshake complete awaiting remote auth. @ https://discord.com/assets/sentry.36a95f7c8446f649.js:14
[  446550ms] [WARNING] The resource https://discord.com/assets/189422196a4f8b53.woff2 was preloaded using link preload but not used within a few seconds from the window's load event. Please make sure it has an appropriate `as` value and it is preloaded intentionally. @ https://discord.com/login:0
[  446550ms] [WARNING] The resource https://discord.com/assets/ce3b8055f5114434.woff2 was preloaded using link preload but not used within a few seconds from the window's load event. Please make sure it has an appropriate `as` value and it is preloaded intentionally. @ https://discord.com/login:0
[  446550ms] [WARNING] The resource https://discord.com/assets/cb2006dbced0e246.woff2 was preloaded using link preload but not used within a few seconds from the window's load event. Please make sure it has an appropriate `as` value and it is preloaded intentionally. @ https://discord.com/login:0
[  446550ms] [WARNING] The resource https://discord.com/assets/7a6a566c2e88a35d.woff2 was preloaded using link preload but not used within a few seconds from the window's load event. Please make sure it has an appropriate `as` value and it is preloaded intentionally. @ https://discord.com/login:0
[  446550ms] [WARNING] The resource https://discord.com/assets/e52f0cba712e2fb4.woff2 was preloaded using link preload but not used within a few seconds from the window's load event. Please make sure it has an appropriate `as` value and it is preloaded intentionally. @ https://discord.com/login:0
[  446550ms] [WARNING] The resource https://discord.com/assets/dd24010f3cf7def7.woff2 was preloaded using link preload but not used within a few seconds from the window's load event. Please make sure it has an appropriate `as` value and it is preloaded intentionally. @ https://discord.com/login:0
[  458538ms] [INFO] %c[useAuthWebsocket] 
font-weight: bold;
color: purple;
 [16468ms] disconnected, code: 1006  @ https://discord.com/assets/sentry.36a95f7c8446f649.js:14
[  458538ms] [ERROR] %c[useAuthWebsocket] 
font-weight: bold;
color: purple;
 Could not complete Remote Auth login, trying to restart with a new Remote Auth session. @ https://discord.com/assets/sentry.36a95f7c8446f649.js:14
[  461538ms] [INFO] %c[useAuthWebsocket] 
font-weight: bold;
color: purple;
 [19468ms] cleaning up @ https://discord.com/assets/sentry.36a95f7c8446f649.js:14
[  461538ms] [INFO] %c[useAuthWebsocket] 
font-weight: bold;
color: purple;
 [0ms] connecting to wss://remote-auth-gateway.discord.gg/?v=2 @ https://discord.com/assets/sentry.36a95f7c8446f649.js:14
[  462126ms] [INFO] %c[useAuthWebsocket] 
font-weight: bold;
color: purple;
 [589ms] got hello, auth timeout=260277ms @ https://discord.com/assets/sentry.36a95f7c8446f649.js:14
[  462163ms] [INFO] %c[useAuthWebsocket] 
font-weight: bold;
color: purple;
 [625ms] connected, handshaking with fingerprint: 8dT1Rv5WGhH0EswC7PtqWA1mlxggtV0-Xc80aUJzcVg @ https://discord.com/assets/sentry.36a95f7c8446f649.js:14
[  462418ms] [INFO] %c[useAuthWebsocket] 
font-weight: bold;
color: purple;
 [881ms] computed nonce proof @ https://discord.com/assets/sentry.36a95f7c8446f649.js:14
[  462670ms] [INFO] %c[useAuthWebsocket] 
font-weight: bold;
color: purple;
 [1132ms] handshake complete awaiting remote auth. @ https://discord.com/assets/sentry.36a95f7c8446f649.js:14
[  465674ms] [WARNING] The resource https://discord.com/assets/189422196a4f8b53.woff2 was preloaded using link preload but not used within a few seconds from the window's load event. Please make sure it has an appropriate `as` value and it is preloaded intentionally. @ https://discord.com/login:0
[  465674ms] [WARNING] The resource https://discord.com/assets/ce3b8055f5114434.woff2 was preloaded using link preload but not used within a few seconds from the window's load event. Please make sure it has an appropriate `as` value and it is preloaded intentionally. @ https://discord.com/login:0
[  465674ms] [WARNING] The resource https://discord.com/assets/cb2006dbced0e246.woff2 was preloaded using link preload but not used within a few seconds from the window's load event. Please make sure it has an appropriate `as` value and it is preloaded intentionally. @ https://discord.com/login:0
[  465674ms] [WARNING] The resource https://discord.com/assets/7a6a566c2e88a35d.woff2 was preloaded using link preload but not used within a few seconds from the window's load event. Please make sure it has an appropriate `as` value and it is preloaded intentionally. @ https://discord.com/login:0
[  465674ms] [WARNING] The resource https://discord.com/assets/e52f0cba712e2fb4.woff2 was preloaded using link preload but not used within a few seconds from the window's load event. Please make sure it has an appropriate `as` value and it is preloaded intentionally. @ https://discord.com/login:0
[  465674ms] [WARNING] The resource https://discord.com/assets/dd24010f3cf7def7.woff2 was preloaded using link preload but not used within a few seconds from the window's load event. Please make sure it has an appropriate `as` value and it is preloaded intentionally. @ https://discord.com/login:0
[  477847ms] [INFO] %c[useAuthWebsocket] 
font-weight: bold;
color: purple;
 [16310ms] disconnected, code: 1006  @ https://discord.com/assets/sentry.36a95f7c8446f649.js:14
[  477847ms] [ERROR] %c[useAuthWebsocket] 
font-weight: bold;
color: purple;
 Could not complete Remote Auth login, trying to restart with a new Remote Auth session. @ https://discord.com/assets/sentry.36a95f7c8446f649.js:14
[  480788ms] [INFO] %c[useAuthWebsocket] 
font-weight: bold;
color: purple;
 [19251ms] cleaning up @ https://discord.com/assets/sentry.36a95f7c8446f649.js:14
[  480789ms] [INFO] %c[useAuthWebsocket] 
font-weight: bold;
color: purple;
 [0ms] connecting to wss://remote-auth-gateway.discord.gg/?v=2 @ https://discord.com/assets/sentry.36a95f7c8446f649.js:14
[  481378ms] [INFO] %c[useAuthWebsocket] 
font-weight: bold;
color: purple;
 [589ms] got hello, auth timeout=354641ms @ https://discord.com/assets/sentry.36a95f7c8446f649.js:14
[  481444ms] [INFO] %c[useAuthWebsocket] 
font-weight: bold;
color: purple;
 [656ms] connected, handshaking with fingerprint: QqE03hA33wJcv_noKFAd7J1_lJ65jWkYO-MhYXZo_Uc @ https://discord.com/assets/sentry.36a95f7c8446f649.js:14
[  481703ms] [INFO] %c[useAuthWebsocket] 
font-weight: bold;
color: purple;
 [915ms] computed nonce proof @ https://discord.com/assets/sentry.36a95f7c8446f649.js:14
[  481991ms] [INFO] %c[useAuthWebsocket] 
font-weight: bold;
color: purple;
 [1203ms] handshake complete awaiting remote auth. @ https://discord.com/assets/sentry.36a95f7c8446f649.js:14
[  485001ms] [WARNING] The resource https://discord.com/assets/189422196a4f8b53.woff2 was preloaded using link preload but not used within a few seconds from the window's load event. Please make sure it has an appropriate `as` value and it is preloaded intentionally. @ https://discord.com/login:0
[  485001ms] [WARNING] The resource https://discord.com/assets/ce3b8055f5114434.woff2 was preloaded using link preload but not used within a few seconds from the window's load event. Please make sure it has an appropriate `as` value and it is preloaded intentionally. @ https://discord.com/login:0
[  485001ms] [WARNING] The resource https://discord.com/assets/cb2006dbced0e246.woff2 was preloaded using link preload but not used within a few seconds from the window's load event. Please make sure it has an appropriate `as` value and it is preloaded intentionally. @ https://discord.com/login:0
[  485001ms] [WARNING] The resource https://discord.com/assets/7a6a566c2e88a35d.woff2 was preloaded using link preload but not used within a few seconds from the window's load event. Please make sure it has an appropriate `as` value and it is preloaded intentionally. @ https://discord.com/login:0
[  485001ms] [WARNING] The resource https://discord.com/assets/e52f0cba712e2fb4.woff2 was preloaded using link preload but not used within a few seconds from the window's load event. Please make sure it has an appropriate `as` value and it is preloaded intentionally. @ https://discord.com/login:0
[  485001ms] [WARNING] The resource https://discord.com/assets/dd24010f3cf7def7.woff2 was preloaded using link preload but not used within a few seconds from the window's load event. Please make sure it has an appropriate `as` value and it is preloaded intentionally. @ https://discord.com/login:0
[  497091ms] [INFO] %c[useAuthWebsocket] 
font-weight: bold;
color: purple;
 [16302ms] disconnected, code: 1006  @ https://discord.com/assets/sentry.36a95f7c8446f649.js:14
[  497091ms] [ERROR] %c[useAuthWebsocket] 
font-weight: bold;
color: purple;
 Could not complete Remote Auth login, trying to restart with a new Remote Auth session. @ https://discord.com/assets/sentry.36a95f7c8446f649.js:14
[  499866ms] [INFO] %c[useAuthWebsocket] 
font-weight: bold;
color: purple;
 [19078ms] cleaning up @ https://discord.com/assets/sentry.36a95f7c8446f649.js:14
[  499868ms] [INFO] %c[useAuthWebsocket] 
font-weight: bold;
color: purple;
 [0ms] connecting to wss://remote-auth-gateway.discord.gg/?v=2 @ https://discord.com/assets/sentry.36a95f7c8446f649.js:14
[  500436ms] [INFO] %c[useAuthWebsocket] 
font-weight: bold;
color: purple;
 [568ms] got hello, auth timeout=308754ms @ https://discord.com/assets/sentry.36a95f7c8446f649.js:14
[  500514ms] [INFO] %c[useAuthWebsocket] 
font-weight: bold;
color: purple;
 [646ms] connected, handshaking with fingerprint: YHj56VDlI62iO9JCi9Nr79ktz00r8ZOwP8pIqKFWPAw @ https://discord.com/assets/sentry.36a95f7c8446f649.js:14
[  500773ms] [INFO] %c[useAuthWebsocket] 
font-weight: bold;
color: purple;
 [905ms] computed nonce proof @ https://discord.com/assets/sentry.36a95f7c8446f649.js:14
[  501032ms] [INFO] %c[useAuthWebsocket] 
font-weight: bold;
color: purple;
 [1164ms] handshake complete awaiting remote auth. @ https://discord.com/assets/sentry.36a95f7c8446f649.js:14
[  504042ms] [WARNING] The resource https://discord.com/assets/189422196a4f8b53.woff2 was preloaded using link preload but not used within a few seconds from the window's load event. Please make sure it has an appropriate `as` value and it is preloaded intentionally. @ https://discord.com/login:0
[  504042ms] [WARNING] The resource https://discord.com/assets/ce3b8055f5114434.woff2 was preloaded using link preload but not used within a few seconds from the window's load event. Please make sure it has an appropriate `as` value and it is preloaded intentionally. @ https://discord.com/login:0
[  504042ms] [WARNING] The resource https://discord.com/assets/cb2006dbced0e246.woff2 was preloaded using link preload but not used within a few seconds from the window's load event. Please make sure it has an appropriate `as` value and it is preloaded intentionally. @ https://discord.com/login:0
[  504042ms] [WARNING] The resource https://discord.com/assets/7a6a566c2e88a35d.woff2 was preloaded using link preload but not used within a few seconds from the window's load event. Please make sure it has an appropriate `as` value and it is preloaded intentionally. @ https://discord.com/login:0
[  504042ms] [WARNING] The resource https://discord.com/assets/e52f0cba712e2fb4.woff2 was preloaded using link preload but not used within a few seconds from the window's load event. Please make sure it has an appropriate `as` value and it is preloaded intentionally. @ https://discord.com/login:0
[  504042ms] [WARNING] The resource https://discord.com/assets/dd24010f3cf7def7.woff2 was preloaded using link preload but not used within a few seconds from the window's load event. Please make sure it has an appropriate `as` value and it is preloaded intentionally. @ https://discord.com/login:0
[  524158ms] [INFO] %c[useAuthWebsocket] 
font-weight: bold;
color: purple;
 [24290ms] disconnected, code: 1006  @ https://discord.com/assets/sentry.36a95f7c8446f649.js:14
[  524158ms] [ERROR] %c[useAuthWebsocket] 
font-weight: bold;
color: purple;
 Could not complete Remote Auth login, trying to restart with a new Remote Auth session. @ https://discord.com/assets/sentry.36a95f7c8446f649.js:14
[  525857ms] [INFO] %c[useAuthWebsocket] 
font-weight: bold;
color: purple;
 [25990ms] cleaning up @ https://discord.com/assets/sentry.36a95f7c8446f649.js:14
[  525858ms] [INFO] %c[useAuthWebsocket] 
font-weight: bold;
color: purple;
 [0ms] connecting to wss://remote-auth-gateway.discord.gg/?v=2 @ https://discord.com/assets/sentry.36a95f7c8446f649.js:14
[  526466ms] [INFO] %c[useAuthWebsocket] 
font-weight: bold;
color: purple;
 [609ms] got hello, auth timeout=296992ms @ https://discord.com/assets/sentry.36a95f7c8446f649.js:14
[  526591ms] [INFO] %c[useAuthWebsocket] 
font-weight: bold;
color: purple;
 [734ms] connected, handshaking with fingerprint: 5UMONWZMCH_TaHF-zLoDu70b2bzTh4jL4pJsokyQsYM @ https://discord.com/assets/sentry.36a95f7c8446f649.js:14
[  526870ms] [INFO] %c[useAuthWebsocket] 
font-weight: bold;
color: purple;
 [1013ms] computed nonce proof @ https://discord.com/assets/sentry.36a95f7c8446f649.js:14
[  527154ms] [INFO] %c[useAuthWebsocket] 
font-weight: bold;
color: purple;
 [1297ms] handshake complete awaiting remote auth. @ https://discord.com/assets/sentry.36a95f7c8446f649.js:14
[  530162ms] [WARNING] The resource https://discord.com/assets/189422196a4f8b53.woff2 was preloaded using link preload but not used within a few seconds from the window's load event. Please make sure it has an appropriate `as` value and it is preloaded intentionally. @ https://discord.com/login:0
[  530162ms] [WARNING] The resource https://discord.com/assets/ce3b8055f5114434.woff2 was preloaded using link preload but not used within a few seconds from the window's load event. Please make sure it has an appropriate `as` value and it is preloaded intentionally. @ https://discord.com/login:0
[  530162ms] [WARNING] The resource https://discord.com/assets/cb2006dbced0e246.woff2 was preloaded using link preload but not used within a few seconds from the window's load event. Please make sure it has an appropriate `as` value and it is preloaded intentionally. @ https://discord.com/login:0
[  530162ms] [WARNING] The resource https://discord.com/assets/7a6a566c2e88a35d.woff2 was preloaded using link preload but not used within a few seconds from the window's load event. Please make sure it has an appropriate `as` value and it is preloaded intentionally. @ https://discord.com/login:0
[  530162ms] [WARNING] The resource https://discord.com/assets/e52f0cba712e2fb4.woff2 was preloaded using link preload but not used within a few seconds from the window's load event. Please make sure it has an appropriate `as` value and it is preloaded intentionally. @ https://discord.com/login:0
[  530162ms] [WARNING] The resource https://discord.com/assets/dd24010f3cf7def7.woff2 was preloaded using link preload but not used within a few seconds from the window's load event. Please make sure it has an appropriate `as` value and it is preloaded intentionally. @ https://discord.com/login:0
[  550156ms] [INFO] %c[useAuthWebsocket] 
font-weight: bold;
color: purple;
 [24299ms] disconnected, code: 1006  @ https://discord.com/assets/sentry.36a95f7c8446f649.js:14
[  550156ms] [ERROR] %c[useAuthWebsocket] 
font-weight: bold;
color: purple;
 Could not complete Remote Auth login, trying to restart with a new Remote Auth session. @ https://discord.com/assets/sentry.36a95f7c8446f649.js:14
[  551888ms] [INFO] %c[useAuthWebsocket] 
font-weight: bold;
color: purple;
 [26030ms] cleaning up @ https://discord.com/assets/sentry.36a95f7c8446f649.js:14
[  551888ms] [INFO] %c[useAuthWebsocket] 
font-weight: bold;
color: purple;
 [0ms] connecting to wss://remote-auth-gateway.discord.gg/?v=2 @ https://discord.com/assets/sentry.36a95f7c8446f649.js:14
[  552571ms] [INFO] %c[useAuthWebsocket] 
font-weight: bold;
color: purple;
 [683ms] got hello, auth timeout=246222ms @ https://discord.com/assets/sentry.36a95f7c8446f649.js:14
[  552632ms] [INFO] %c[useAuthWebsocket] 
font-weight: bold;
color: purple;
 [744ms] connected, handshaking with fingerprint: 9snNZWg6iuLp4anSHU2w-a_xDDWVMiLd9d86dIRQiqI @ https://discord.com/assets/sentry.36a95f7c8446f649.js:14
[  552919ms] [INFO] %c[useAuthWebsocket] 
font-weight: bold;
color: purple;
 [1032ms] computed nonce proof @ https://discord.com/assets/sentry.36a95f7c8446f649.js:14
[  553215ms] [INFO] %c[useAuthWebsocket] 
font-weight: bold;
color: purple;
 [1328ms] handshake complete awaiting remote auth. @ https://discord.com/assets/sentry.36a95f7c8446f649.js:14
[  556231ms] [WARNING] The resource https://discord.com/assets/189422196a4f8b53.woff2 was preloaded using link preload but not used within a few seconds from the window's load event. Please make sure it has an appropriate `as` value and it is preloaded intentionally. @ https://discord.com/login:0
[  556231ms] [WARNING] The resource https://discord.com/assets/ce3b8055f5114434.woff2 was preloaded using link preload but not used within a few seconds from the window's load event. Please make sure it has an appropriate `as` value and it is preloaded intentionally. @ https://discord.com/login:0
[  556231ms] [WARNING] The resource https://discord.com/assets/cb2006dbced0e246.woff2 was preloaded using link preload but not used within a few seconds from the window's load event. Please make sure it has an appropriate `as` value and it is preloaded intentionally. @ https://discord.com/login:0
[  556231ms] [WARNING] The resource https://discord.com/assets/7a6a566c2e88a35d.woff2 was preloaded using link preload but not used within a few seconds from the window's load event. Please make sure it has an appropriate `as` value and it is preloaded intentionally. @ https://discord.com/login:0
[  556231ms] [WARNING] The resource https://discord.com/assets/e52f0cba712e2fb4.woff2 was preloaded using link preload but not used within a few seconds from the window's load event. Please make sure it has an appropriate `as` value and it is preloaded intentionally. @ https://discord.com/login:0
[  556231ms] [WARNING] The resource https://discord.com/assets/dd24010f3cf7def7.woff2 was preloaded using link preload but not used within a few seconds from the window's load event. Please make sure it has an appropriate `as` value and it is preloaded intentionally. @ https://discord.com/login:0
[  576224ms] [INFO] %c[useAuthWebsocket] 
font-weight: bold;
color: purple;
 [24336ms] disconnected, code: 1006  @ https://discord.com/assets/sentry.36a95f7c8446f649.js:14
[  576224ms] [ERROR] %c[useAuthWebsocket] 
font-weight: bold;
color: purple;
 Could not complete Remote Auth login, trying to restart with a new Remote Auth session. @ https://discord.com/assets/sentry.36a95f7c8446f649.js:14
[  579942ms] [INFO] %c[useAuthWebsocket] 
font-weight: bold;
color: purple;
 [28054ms] cleaning up @ https://discord.com/assets/sentry.36a95f7c8446f649.js:14
[  579943ms] [INFO] %c[useAuthWebsocket] 
font-weight: bold;
color: purple;
 [0ms] connecting to wss://remote-auth-gateway.discord.gg/?v=2 @ https://discord.com/assets/sentry.36a95f7c8446f649.js:14
[  580760ms] [INFO] %c[useAuthWebsocket] 
font-weight: bold;
color: purple;
 [818ms] got hello, auth timeout=269012ms @ https://discord.com/assets/sentry.36a95f7c8446f649.js:14
[  580819ms] [INFO] %c[useAuthWebsocket] 
font-weight: bold;
color: purple;
 [877ms] connected, handshaking with fingerprint: qreFCsXTLD_rFRbPDdNvsQWIC7I0sjfhLeSyHs3O7Pw @ https://discord.com/assets/sentry.36a95f7c8446f649.js:14
[  581131ms] [INFO] %c[useAuthWebsocket] 
font-weight: bold;
color: purple;
 [1188ms] computed nonce proof @ https://discord.com/assets/sentry.36a95f7c8446f649.js:14
[  581441ms] [INFO] %c[useAuthWebsocket] 
font-weight: bold;
color: purple;
 [1498ms] handshake complete awaiting remote auth. @ https://discord.com/assets/sentry.36a95f7c8446f649.js:14
[  584443ms] [WARNING] The resource https://discord.com/assets/189422196a4f8b53.woff2 was preloaded using link preload but not used within a few seconds from the window's load event. Please make sure it has an appropriate `as` value and it is preloaded intentionally. @ https://discord.com/login:0
[  584443ms] [WARNING] The resource https://discord.com/assets/ce3b8055f5114434.woff2 was preloaded using link preload but not used within a few seconds from the window's load event. Please make sure it has an appropriate `as` value and it is preloaded intentionally. @ https://discord.com/login:0
[  584443ms] [WARNING] The resource https://discord.com/assets/cb2006dbced0e246.woff2 was preloaded using link preload but not used within a few seconds from the window's load event. Please make sure it has an appropriate `as` value and it is preloaded intentionally. @ https://discord.com/login:0
[  584443ms] [WARNING] The resource https://discord.com/assets/7a6a566c2e88a35d.woff2 was preloaded using link preload but not used within a few seconds from the window's load event. Please make sure it has an appropriate `as` value and it is preloaded intentionally. @ https://discord.com/login:0
[  584443ms] [WARNING] The resource https://discord.com/assets/e52f0cba712e2fb4.woff2 was preloaded using link preload but not used within a few seconds from the window's load event. Please make sure it has an appropriate `as` value and it is preloaded intentionally. @ https://discord.com/login:0
[  584443ms] [WARNING] The resource https://discord.com/assets/dd24010f3cf7def7.woff2 was preloaded using link preload but not used within a few seconds from the window's load event. Please make sure it has an appropriate `as` value and it is preloaded intentionally. @ https://discord.com/login:0
[  596428ms] [INFO] %c[useAuthWebsocket] 
font-weight: bold;
color: purple;
 [16485ms] disconnected, code: 1006  @ https://discord.com/assets/sentry.36a95f7c8446f649.js:14
[  596428ms] [ERROR] %c[useAuthWebsocket] 
font-weight: bold;
color: purple;
 Could not complete Remote Auth login, trying to restart with a new Remote Auth session. @ https://discord.com/assets/sentry.36a95f7c8446f649.js:14
[  599035ms] [INFO] %c[useAuthWebsocket] 
font-weight: bold;
color: purple;
 [19093ms] cleaning up @ https://discord.com/assets/sentry.36a95f7c8446f649.js:14
[  599036ms] [INFO] %c[useAuthWebsocket] 
font-weight: bold;
color: purple;
 [0ms] connecting to wss://remote-auth-gateway.discord.gg/?v=2 @ https://discord.com/assets/sentry.36a95f7c8446f649.js:14
[  599859ms] [INFO] %c[useAuthWebsocket] 
font-weight: bold;
color: purple;
 [824ms] got hello, auth timeout=269621ms @ https://discord.com/assets/sentry.36a95f7c8446f649.js:14
[  599894ms] [INFO] %c[useAuthWebsocket] 
font-weight: bold;
color: purple;
 [858ms] connected, handshaking with fingerprint: OdroT1dUECqE7_sJjNLFHQr4LInnAo8YVwX4GMSRdvA @ https://discord.com/assets/sentry.36a95f7c8446f649.js:14
[  600206ms] [INFO] %c[useAuthWebsocket] 
font-weight: bold;
color: purple;
 [1170ms] computed nonce proof @ https://discord.com/assets/sentry.36a95f7c8446f649.js:14
[  600533ms] [INFO] %c[useAuthWebsocket] 
font-weight: bold;
color: purple;
 [1498ms] handshake complete awaiting remote auth. @ https://discord.com/assets/sentry.36a95f7c8446f649.js:14
[  603540ms] [WARNING] The resource https://discord.com/assets/189422196a4f8b53.woff2 was preloaded using link preload but not used within a few seconds from the window's load event. Please make sure it has an appropriate `as` value and it is preloaded intentionally. @ https://discord.com/login:0
[  603540ms] [WARNING] The resource https://discord.com/assets/ce3b8055f5114434.woff2 was preloaded using link preload but not used within a few seconds from the window's load event. Please make sure it has an appropriate `as` value and it is preloaded intentionally. @ https://discord.com/login:0
[  603540ms] [WARNING] The resource https://discord.com/assets/cb2006dbced0e246.woff2 was preloaded using link preload but not used within a few seconds from the window's load event. Please make sure it has an appropriate `as` value and it is preloaded intentionally. @ https://discord.com/login:0
[  603540ms] [WARNING] The resource https://discord.com/assets/7a6a566c2e88a35d.woff2 was preloaded using link preload but not used within a few seconds from the window's load event. Please make sure it has an appropriate `as` value and it is preloaded intentionally. @ https://discord.com/login:0
[  603540ms] [WARNING] The resource https://discord.com/assets/e52f0cba712e2fb4.woff2 was preloaded using link preload but not used within a few seconds from the window's load event. Please make sure it has an appropriate `as` value and it is preloaded intentionally. @ https://discord.com/login:0
[  603540ms] [WARNING] The resource https://discord.com/assets/dd24010f3cf7def7.woff2 was preloaded using link preload but not used within a few seconds from the window's load event. Please make sure it has an appropriate `as` value and it is preloaded intentionally. @ https://discord.com/login:0
[  615513ms] [INFO] %c[useAuthWebsocket] 
font-weight: bold;
color: purple;
 [16477ms] disconnected, code: 1006  @ https://discord.com/assets/sentry.36a95f7c8446f649.js:14
[  615513ms] [ERROR] %c[useAuthWebsocket] 
font-weight: bold;
color: purple;
 Could not complete Remote Auth login, trying to restart with a new Remote Auth session. @ https://discord.com/assets/sentry.36a95f7c8446f649.js:14
[  617865ms] [ERROR] WebSocket is already in CLOSING or CLOSED state. @ https://discord.com/assets/1f83f370a87af95c.js:0
[  619782ms] [INFO] %c[useAuthWebsocket] 
font-weight: bold;
color: purple;
 [20747ms] cleaning up @ https://discord.com/assets/sentry.36a95f7c8446f649.js:14
[  619783ms] [INFO] %c[useAuthWebsocket] 
font-weight: bold;
color: purple;
 [0ms] connecting to wss://remote-auth-gateway.discord.gg/?v=2 @ https://discord.com/assets/sentry.36a95f7c8446f649.js:14
[  620606ms] [INFO] %c[useAuthWebsocket] 
font-weight: bold;
color: purple;
 [823ms] got hello, auth timeout=282770ms @ https://discord.com/assets/sentry.36a95f7c8446f649.js:14
[  620633ms] [INFO] %c[useAuthWebsocket] 
font-weight: bold;
color: purple;
 [850ms] connected, handshaking with fingerprint: YKw6fJQIycUVLPasMbIivebuckUR08Jh2fcb4eiejLA @ https://discord.com/assets/sentry.36a95f7c8446f649.js:14
[  620949ms] [INFO] %c[useAuthWebsocket] 
font-weight: bold;
color: purple;
 [1167ms] computed nonce proof @ https://discord.com/assets/sentry.36a95f7c8446f649.js:14
[  621264ms] [INFO] %c[useAuthWebsocket] 
font-weight: bold;
color: purple;
 [1482ms] handshake complete awaiting remote auth. @ https://discord.com/assets/sentry.36a95f7c8446f649.js:14
[  624275ms] [WARNING] The resource https://discord.com/assets/189422196a4f8b53.woff2 was preloaded using link preload but not used within a few seconds from the window's load event. Please make sure it has an appropriate `as` value and it is preloaded intentionally. @ https://discord.com/login:0
[  624275ms] [WARNING] The resource https://discord.com/assets/ce3b8055f5114434.woff2 was preloaded using link preload but not used within a few seconds from the window's load event. Please make sure it has an appropriate `as` value and it is preloaded intentionally. @ https://discord.com/login:0
[  624275ms] [WARNING] The resource https://discord.com/assets/cb2006dbced0e246.woff2 was preloaded using link preload but not used within a few seconds from the window's load event. Please make sure it has an appropriate `as` value and it is preloaded intentionally. @ https://discord.com/login:0
[  624275ms] [WARNING] The resource https://discord.com/assets/7a6a566c2e88a35d.woff2 was preloaded using link preload but not used within a few seconds from the window's load event. Please make sure it has an appropriate `as` value and it is preloaded intentionally. @ https://discord.com/login:0
[  624275ms] [WARNING] The resource https://discord.com/assets/e52f0cba712e2fb4.woff2 was preloaded using link preload but not used within a few seconds from the window's load event. Please make sure it has an appropriate `as` value and it is preloaded intentionally. @ https://discord.com/login:0
[  624275ms] [WARNING] The resource https://discord.com/assets/dd24010f3cf7def7.woff2 was preloaded using link preload but not used within a few seconds from the window's load event. Please make sure it has an appropriate `as` value and it is preloaded intentionally. @ https://discord.com/login:0
[  636255ms] [INFO] %c[useAuthWebsocket] 
font-weight: bold;
color: purple;
 [16473ms] disconnected, code: 1006  @ https://discord.com/assets/sentry.36a95f7c8446f649.js:14
[  636256ms] [ERROR] %c[useAuthWebsocket] 
font-weight: bold;
color: purple;
 Could not complete Remote Auth login, trying to restart with a new Remote Auth session. @ https://discord.com/assets/sentry.36a95f7c8446f649.js:14
[  639744ms] [INFO] %c[useAuthWebsocket] 
font-weight: bold;
color: purple;
 [19961ms] cleaning up @ https://discord.com/assets/sentry.36a95f7c8446f649.js:14
[  639745ms] [INFO] %c[useAuthWebsocket] 
font-weight: bold;
color: purple;
 [0ms] connecting to wss://remote-auth-gateway.discord.gg/?v=2 @ https://discord.com/assets/sentry.36a95f7c8446f649.js:14
[  640546ms] [INFO] %c[useAuthWebsocket] 
font-weight: bold;
color: purple;
 [802ms] got hello, auth timeout=278529ms @ https://discord.com/assets/sentry.36a95f7c8446f649.js:14
[  640677ms] [INFO] %c[useAuthWebsocket] 
font-weight: bold;
color: purple;
 [932ms] connected, handshaking with fingerprint: yskQcpy8-oxNscILLKSF4lNx53G0E9vke00j73XVsGo @ https://discord.com/assets/sentry.36a95f7c8446f649.js:14
[  640995ms] [INFO] %c[useAuthWebsocket] 
font-weight: bold;
color: purple;
 [1251ms] computed nonce proof @ https://discord.com/assets/sentry.36a95f7c8446f649.js:14
[  641303ms] [INFO] %c[useAuthWebsocket] 
font-weight: bold;
color: purple;
 [1558ms] handshake complete awaiting remote auth. @ https://discord.com/assets/sentry.36a95f7c8446f649.js:14
[  644322ms] [WARNING] The resource https://discord.com/assets/189422196a4f8b53.woff2 was preloaded using link preload but not used within a few seconds from the window's load event. Please make sure it has an appropriate `as` value and it is preloaded intentionally. @ https://discord.com/login:0
[  644322ms] [WARNING] The resource https://discord.com/assets/ce3b8055f5114434.woff2 was preloaded using link preload but not used within a few seconds from the window's load event. Please make sure it has an appropriate `as` value and it is preloaded intentionally. @ https://discord.com/login:0
[  644322ms] [WARNING] The resource https://discord.com/assets/cb2006dbced0e246.woff2 was preloaded using link preload but not used within a few seconds from the window's load event. Please make sure it has an appropriate `as` value and it is preloaded intentionally. @ https://discord.com/login:0
[  644322ms] [WARNING] The resource https://discord.com/assets/7a6a566c2e88a35d.woff2 was preloaded using link preload but not used within a few seconds from the window's load event. Please make sure it has an appropriate `as` value and it is preloaded intentionally. @ https://discord.com/login:0
[  644322ms] [WARNING] The resource https://discord.com/assets/e52f0cba712e2fb4.woff2 was preloaded using link preload but not used within a few seconds from the window's load event. Please make sure it has an appropriate `as` value and it is preloaded intentionally. @ https://discord.com/login:0
[  644322ms] [WARNING] The resource https://discord.com/assets/dd24010f3cf7def7.woff2 was preloaded using link preload but not used within a few seconds from the window's load event. Please make sure it has an appropriate `as` value and it is preloaded intentionally. @ https://discord.com/login:0
[  664203ms] [INFO] %c[useAuthWebsocket] 
font-weight: bold;
color: purple;
 [24459ms] disconnected, code: 1006  @ https://discord.com/assets/sentry.36a95f7c8446f649.js:14
[  664204ms] [ERROR] %c[useAuthWebsocket] 
font-weight: bold;
color: purple;
 Could not complete Remote Auth login, trying to restart with a new Remote Auth session. @ https://discord.com/assets/sentry.36a95f7c8446f649.js:14
[  668414ms] [INFO] %c[useAuthWebsocket] 
font-weight: bold;
color: purple;
 [28669ms] cleaning up @ https://discord.com/assets/sentry.36a95f7c8446f649.js:14
[  668415ms] [INFO] %c[useAuthWebsocket] 
font-weight: bold;
color: purple;
 [0ms] connecting to wss://remote-auth-gateway.discord.gg/?v=2 @ https://discord.com/assets/sentry.36a95f7c8446f649.js:14
[  669017ms] [INFO] %c[useAuthWebsocket] 
font-weight: bold;
color: purple;
 [602ms] got hello, auth timeout=343978ms @ https://discord.com/assets/sentry.36a95f7c8446f649.js:14
[  669062ms] [INFO] %c[useAuthWebsocket] 
font-weight: bold;
color: purple;
 [648ms] connected, handshaking with fingerprint: GFVyhQkPIWIjaBbORmeNRUWUcXQDyyTQpjPC7hH8cfA @ https://discord.com/assets/sentry.36a95f7c8446f649.js:14
[  669421ms] [INFO] %c[useAuthWebsocket] 
font-weight: bold;
color: purple;
 [1006ms] computed nonce proof @ https://discord.com/assets/sentry.36a95f7c8446f649.js:14
[  669705ms] [INFO] %c[useAuthWebsocket] 
font-weight: bold;
color: purple;
 [1290ms] handshake complete awaiting remote auth. @ https://discord.com/assets/sentry.36a95f7c8446f649.js:14
[  672710ms] [WARNING] The resource https://discord.com/assets/189422196a4f8b53.woff2 was preloaded using link preload but not used within a few seconds from the window's load event. Please make sure it has an appropriate `as` value and it is preloaded intentionally. @ https://discord.com/login:0
[  672711ms] [WARNING] The resource https://discord.com/assets/ce3b8055f5114434.woff2 was preloaded using link preload but not used within a few seconds from the window's load event. Please make sure it has an appropriate `as` value and it is preloaded intentionally. @ https://discord.com/login:0
[  672711ms] [WARNING] The resource https://discord.com/assets/cb2006dbced0e246.woff2 was preloaded using link preload but not used within a few seconds from the window's load event. Please make sure it has an appropriate `as` value and it is preloaded intentionally. @ https://discord.com/login:0
[  672711ms] [WARNING] The resource https://discord.com/assets/7a6a566c2e88a35d.woff2 was preloaded using link preload but not used within a few seconds from the window's load event. Please make sure it has an appropriate `as` value and it is preloaded intentionally. @ https://discord.com/login:0
[  672711ms] [WARNING] The resource https://discord.com/assets/e52f0cba712e2fb4.woff2 was preloaded using link preload but not used within a few seconds from the window's load event. Please make sure it has an appropriate `as` value and it is preloaded intentionally. @ https://discord.com/login:0
[  672711ms] [WARNING] The resource https://discord.com/assets/dd24010f3cf7def7.woff2 was preloaded using link preload but not used within a few seconds from the window's load event. Please make sure it has an appropriate `as` value and it is preloaded intentionally. @ https://discord.com/login:0
[  684702ms] [INFO] %c[useAuthWebsocket] 
font-weight: bold;
color: purple;
 [16288ms] disconnected, code: 1006  @ https://discord.com/assets/sentry.36a95f7c8446f649.js:14
[  684702ms] [ERROR] %c[useAuthWebsocket] 
font-weight: bold;
color: purple;
 Could not complete Remote Auth login, trying to restart with a new Remote Auth session. @ https://discord.com/assets/sentry.36a95f7c8446f649.js:14
[  687742ms] [INFO] %c[useAuthWebsocket] 
font-weight: bold;
color: purple;
 [19327ms] cleaning up @ https://discord.com/assets/sentry.36a95f7c8446f649.js:14
[  687743ms] [INFO] %c[useAuthWebsocket] 
font-weight: bold;
color: purple;
 [0ms] connecting to wss://remote-auth-gateway.discord.gg/?v=2 @ https://discord.com/assets/sentry.36a95f7c8446f649.js:14
[  688354ms] [INFO] %c[useAuthWebsocket] 
font-weight: bold;
color: purple;
 [611ms] got hello, auth timeout=250315ms @ https://discord.com/assets/sentry.36a95f7c8446f649.js:14
[  688412ms] [INFO] %c[useAuthWebsocket] 
font-weight: bold;
color: purple;
 [670ms] connected, handshaking with fingerprint: CGKl3k8vW5wmu89hQALelvK_DGcVW9ohPSF62MoEr3c @ https://discord.com/assets/sentry.36a95f7c8446f649.js:14
[  688670ms] [INFO] %c[useAuthWebsocket] 
font-weight: bold;
color: purple;
 [927ms] computed nonce proof @ https://discord.com/assets/sentry.36a95f7c8446f649.js:14
[  688930ms] [INFO] %c[useAuthWebsocket] 
font-weight: bold;
color: purple;
 [1187ms] handshake complete awaiting remote auth. @ https://discord.com/assets/sentry.36a95f7c8446f649.js:14
[  691942ms] [WARNING] The resource https://discord.com/assets/189422196a4f8b53.woff2 was preloaded using link preload but not used within a few seconds from the window's load event. Please make sure it has an appropriate `as` value and it is preloaded intentionally. @ https://discord.com/login:0
[  691942ms] [WARNING] The resource https://discord.com/assets/ce3b8055f5114434.woff2 was preloaded using link preload but not used within a few seconds from the window's load event. Please make sure it has an appropriate `as` value and it is preloaded intentionally. @ https://discord.com/login:0
[  691942ms] [WARNING] The resource https://discord.com/assets/cb2006dbced0e246.woff2 was preloaded using link preload but not used within a few seconds from the window's load event. Please make sure it has an appropriate `as` value and it is preloaded intentionally. @ https://discord.com/login:0
[  691942ms] [WARNING] The resource https://discord.com/assets/7a6a566c2e88a35d.woff2 was preloaded using link preload but not used within a few seconds from the window's load event. Please make sure it has an appropriate `as` value and it is preloaded intentionally. @ https://discord.com/login:0
[  691942ms] [WARNING] The resource https://discord.com/assets/e52f0cba712e2fb4.woff2 was preloaded using link preload but not used within a few seconds from the window's load event. Please make sure it has an appropriate `as` value and it is preloaded intentionally. @ https://discord.com/login:0
[  691942ms] [WARNING] The resource https://discord.com/assets/dd24010f3cf7def7.woff2 was preloaded using link preload but not used within a few seconds from the window's load event. Please make sure it has an appropriate `as` value and it is preloaded intentionally. @ https://discord.com/login:0
[  704049ms] [INFO] %c[useAuthWebsocket] 
font-weight: bold;
color: purple;
 [16307ms] disconnected, code: 1006  @ https://discord.com/assets/sentry.36a95f7c8446f649.js:14
[  704049ms] [ERROR] %c[useAuthWebsocket] 
font-weight: bold;
color: purple;
 Could not complete Remote Auth login, trying to restart with a new Remote Auth session. @ https://discord.com/assets/sentry.36a95f7c8446f649.js:14
[  708544ms] [INFO] %c[useAuthWebsocket] 
font-weight: bold;
color: purple;
 [20802ms] cleaning up @ https://discord.com/assets/sentry.36a95f7c8446f649.js:14
[  708545ms] [INFO] %c[useAuthWebsocket] 
font-weight: bold;
color: purple;
 [0ms] connecting to wss://remote-auth-gateway.discord.gg/?v=2 @ https://discord.com/assets/sentry.36a95f7c8446f649.js:14
[  709167ms] [INFO] %c[useAuthWebsocket] 
font-weight: bold;
color: purple;
 [622ms] got hello, auth timeout=349469ms @ https://discord.com/assets/sentry.36a95f7c8446f649.js:14
[  709223ms] [INFO] %c[useAuthWebsocket] 
font-weight: bold;
color: purple;
 [678ms] connected, handshaking with fingerprint: ftWDCxyIUIVOXYTKBouemwfJc4OQ-IbfZPRa8Dj9ntY @ https://discord.com/assets/sentry.36a95f7c8446f649.js:14
[  709507ms] [INFO] %c[useAuthWebsocket] 
font-weight: bold;
color: purple;
 [962ms] computed nonce proof @ https://discord.com/assets/sentry.36a95f7c8446f649.js:14
[  709797ms] [INFO] %c[useAuthWebsocket] 
font-weight: bold;
color: purple;
 [1252ms] handshake complete awaiting remote auth. @ https://discord.com/assets/sentry.36a95f7c8446f649.js:14
[  712809ms] [WARNING] The resource https://discord.com/assets/189422196a4f8b53.woff2 was preloaded using link preload but not used within a few seconds from the window's load event. Please make sure it has an appropriate `as` value and it is preloaded intentionally. @ https://discord.com/login:0
[  712809ms] [WARNING] The resource https://discord.com/assets/ce3b8055f5114434.woff2 was preloaded using link preload but not used within a few seconds from the window's load event. Please make sure it has an appropriate `as` value and it is preloaded intentionally. @ https://discord.com/login:0
[  712809ms] [WARNING] The resource https://discord.com/assets/cb2006dbced0e246.woff2 was preloaded using link preload but not used within a few seconds from the window's load event. Please make sure it has an appropriate `as` value and it is preloaded intentionally. @ https://discord.com/login:0
[  712809ms] [WARNING] The resource https://discord.com/assets/7a6a566c2e88a35d.woff2 was preloaded using link preload but not used within a few seconds from the window's load event. Please make sure it has an appropriate `as` value and it is preloaded intentionally. @ https://discord.com/login:0
[  712809ms] [WARNING] The resource https://discord.com/assets/e52f0cba712e2fb4.woff2 was preloaded using link preload but not used within a few seconds from the window's load event. Please make sure it has an appropriate `as` value and it is preloaded intentionally. @ https://discord.com/login:0
[  712809ms] [WARNING] The resource https://discord.com/assets/dd24010f3cf7def7.woff2 was preloaded using link preload but not used within a few seconds from the window's load event. Please make sure it has an appropriate `as` value and it is preloaded intentionally. @ https://discord.com/login:0
[  724846ms] [INFO] %c[useAuthWebsocket] 
font-weight: bold;
color: purple;
 [16302ms] disconnected, code: 1006  @ https://discord.com/assets/sentry.36a95f7c8446f649.js:14
[  724846ms] [ERROR] %c[useAuthWebsocket] 
font-weight: bold;
color: purple;
 Could not complete Remote Auth login, trying to restart with a new Remote Auth session. @ https://discord.com/assets/sentry.36a95f7c8446f649.js:14
[  727352ms] [INFO] %c[useAuthWebsocket] 
font-weight: bold;
color: purple;
 [18807ms] cleaning up @ https://discord.com/assets/sentry.36a95f7c8446f649.js:14
[  727352ms] [INFO] %c[useAuthWebsocket] 
font-weight: bold;
color: purple;
 [0ms] connecting to wss://remote-auth-gateway.discord.gg/?v=2 @ https://discord.com/assets/sentry.36a95f7c8446f649.js:14
[  728157ms] [INFO] %c[useAuthWebsocket] 
font-weight: bold;
color: purple;
 [806ms] got hello, auth timeout=293829ms @ https://discord.com/assets/sentry.36a95f7c8446f649.js:14
[  728204ms] [INFO] %c[useAuthWebsocket] 
font-weight: bold;
color: purple;
 [853ms] connected, handshaking with fingerprint: BNUt2NpX1lN66Bcxn8M9tPP1pdPxvL6zaj5cS6_oICU @ https://discord.com/assets/sentry.36a95f7c8446f649.js:14
[  728518ms] [INFO] %c[useAuthWebsocket] 
font-weight: bold;
color: purple;
 [1166ms] computed nonce proof @ https://discord.com/assets/sentry.36a95f7c8446f649.js:14
[  728832ms] [INFO] %c[useAuthWebsocket] 
font-weight: bold;
color: purple;
 [1480ms] handshake complete awaiting remote auth. @ https://discord.com/assets/sentry.36a95f7c8446f649.js:14
[  731845ms] [WARNING] The resource https://discord.com/assets/189422196a4f8b53.woff2 was preloaded using link preload but not used within a few seconds from the window's load event. Please make sure it has an appropriate `as` value and it is preloaded intentionally. @ https://discord.com/login:0
[  731846ms] [WARNING] The resource https://discord.com/assets/ce3b8055f5114434.woff2 was preloaded using link preload but not used within a few seconds from the window's load event. Please make sure it has an appropriate `as` value and it is preloaded intentionally. @ https://discord.com/login:0
[  731846ms] [WARNING] The resource https://discord.com/assets/cb2006dbced0e246.woff2 was preloaded using link preload but not used within a few seconds from the window's load event. Please make sure it has an appropriate `as` value and it is preloaded intentionally. @ https://discord.com/login:0
[  731846ms] [WARNING] The resource https://discord.com/assets/7a6a566c2e88a35d.woff2 was preloaded using link preload but not used within a few seconds from the window's load event. Please make sure it has an appropriate `as` value and it is preloaded intentionally. @ https://discord.com/login:0
[  731846ms] [WARNING] The resource https://discord.com/assets/e52f0cba712e2fb4.woff2 was preloaded using link preload but not used within a few seconds from the window's load event. Please make sure it has an appropriate `as` value and it is preloaded intentionally. @ https://discord.com/login:0
[  731846ms] [WARNING] The resource https://discord.com/assets/dd24010f3cf7def7.woff2 was preloaded using link preload but not used within a few seconds from the window's load event. Please make sure it has an appropriate `as` value and it is preloaded intentionally. @ https://discord.com/login:0
[  743829ms] [INFO] %c[useAuthWebsocket] 
font-weight: bold;
color: purple;
 [16478ms] disconnected, code: 1006  @ https://discord.com/assets/sentry.36a95f7c8446f649.js:14
[  743829ms] [ERROR] %c[useAuthWebsocket] 
font-weight: bold;
color: purple;
 Could not complete Remote Auth login, trying to restart with a new Remote Auth session. @ https://discord.com/assets/sentry.36a95f7c8446f649.js:14
[  746270ms] [INFO] %c[useAuthWebsocket] 
font-weight: bold;
color: purple;
 [18918ms] cleaning up @ https://discord.com/assets/sentry.36a95f7c8446f649.js:14
[  746271ms] [INFO] %c[useAuthWebsocket] 
font-weight: bold;
color: purple;
 [0ms] connecting to wss://remote-auth-gateway.discord.gg/?v=2 @ https://discord.com/assets/sentry.36a95f7c8446f649.js:14
[  746874ms] [INFO] %c[useAuthWebsocket] 
font-weight: bold;
color: purple;
 [604ms] got hello, auth timeout=349597ms @ https://discord.com/assets/sentry.36a95f7c8446f649.js:14
[  746903ms] [INFO] %c[useAuthWebsocket] 
font-weight: bold;
color: purple;
 [633ms] connected, handshaking with fingerprint: snUH0S3QCjRyDz1V4-auJ1T2VXszLE0UL-y9y0sk8BE @ https://discord.com/assets/sentry.36a95f7c8446f649.js:14
[  747161ms] [INFO] %c[useAuthWebsocket] 
font-weight: bold;
color: purple;
 [890ms] computed nonce proof @ https://discord.com/assets/sentry.36a95f7c8446f649.js:14
[  747419ms] [INFO] %c[useAuthWebsocket] 
font-weight: bold;
color: purple;
 [1148ms] handshake complete awaiting remote auth. @ https://discord.com/assets/sentry.36a95f7c8446f649.js:14
[  750435ms] [WARNING] The resource https://discord.com/assets/189422196a4f8b53.woff2 was preloaded using link preload but not used within a few seconds from the window's load event. Please make sure it has an appropriate `as` value and it is preloaded intentionally. @ https://discord.com/login:0
[  750435ms] [WARNING] The resource https://discord.com/assets/ce3b8055f5114434.woff2 was preloaded using link preload but not used within a few seconds from the window's load event. Please make sure it has an appropriate `as` value and it is preloaded intentionally. @ https://discord.com/login:0
[  750435ms] [WARNING] The resource https://discord.com/assets/cb2006dbced0e246.woff2 was preloaded using link preload but not used within a few seconds from the window's load event. Please make sure it has an appropriate `as` value and it is preloaded intentionally. @ https://discord.com/login:0
[  750435ms] [WARNING] The resource https://discord.com/assets/7a6a566c2e88a35d.woff2 was preloaded using link preload but not used within a few seconds from the window's load event. Please make sure it has an appropriate `as` value and it is preloaded intentionally. @ https://discord.com/login:0
[  750435ms] [WARNING] The resource https://discord.com/assets/e52f0cba712e2fb4.woff2 was preloaded using link preload but not used within a few seconds from the window's load event. Please make sure it has an appropriate `as` value and it is preloaded intentionally. @ https://discord.com/login:0
[  750435ms] [WARNING] The resource https://discord.com/assets/dd24010f3cf7def7.woff2 was preloaded using link preload but not used within a few seconds from the window's load event. Please make sure it has an appropriate `as` value and it is preloaded intentionally. @ https://discord.com/login:0
[  762586ms] [INFO] %c[useAuthWebsocket] 
font-weight: bold;
color: purple;
 [16315ms] disconnected, code: 1006  @ https://discord.com/assets/sentry.36a95f7c8446f649.js:14
[  762586ms] [ERROR] %c[useAuthWebsocket] 
font-weight: bold;
color: purple;
 Could not complete Remote Auth login, trying to restart with a new Remote Auth session. @ https://discord.com/assets/sentry.36a95f7c8446f649.js:14
[  765998ms] [INFO] %c[useAuthWebsocket] 
font-weight: bold;
color: purple;
 [19727ms] cleaning up @ https://discord.com/assets/sentry.36a95f7c8446f649.js:14
[  765999ms] [INFO] %c[useAuthWebsocket] 
font-weight: bold;
color: purple;
 [0ms] connecting to wss://remote-auth-gateway.discord.gg/?v=2 @ https://discord.com/assets/sentry.36a95f7c8446f649.js:14
[  766623ms] [INFO] %c[useAuthWebsocket] 
font-weight: bold;
color: purple;
 [624ms] got hello, auth timeout=271047ms @ https://discord.com/assets/sentry.36a95f7c8446f649.js:14
[  766644ms] [INFO] %c[useAuthWebsocket] 
font-weight: bold;
color: purple;
 [645ms] connected, handshaking with fingerprint: BVWafWtLp2ElTDaL8tDDTj7dzM7whG824BBiML8q61Q @ https://discord.com/assets/sentry.36a95f7c8446f649.js:14
[  766954ms] [INFO] %c[useAuthWebsocket] 
font-weight: bold;
color: purple;
 [955ms] computed nonce proof @ https://discord.com/assets/sentry.36a95f7c8446f649.js:14
[  767204ms] [INFO] %c[useAuthWebsocket] 
font-weight: bold;
color: purple;
 [1206ms] handshake complete awaiting remote auth. @ https://discord.com/assets/sentry.36a95f7c8446f649.js:14
[  770220ms] [WARNING] The resource https://discord.com/assets/189422196a4f8b53.woff2 was preloaded using link preload but not used within a few seconds from the window's load event. Please make sure it has an appropriate `as` value and it is preloaded intentionally. @ https://discord.com/login:0
[  770220ms] [WARNING] The resource https://discord.com/assets/ce3b8055f5114434.woff2 was preloaded using link preload but not used within a few seconds from the window's load event. Please make sure it has an appropriate `as` value and it is preloaded intentionally. @ https://discord.com/login:0
[  770220ms] [WARNING] The resource https://discord.com/assets/cb2006dbced0e246.woff2 was preloaded using link preload but not used within a few seconds from the window's load event. Please make sure it has an appropriate `as` value and it is preloaded intentionally. @ https://discord.com/login:0
[  770220ms] [WARNING] The resource https://discord.com/assets/7a6a566c2e88a35d.woff2 was preloaded using link preload but not used within a few seconds from the window's load event. Please make sure it has an appropriate `as` value and it is preloaded intentionally. @ https://discord.com/login:0
[  770220ms] [WARNING] The resource https://discord.com/assets/e52f0cba712e2fb4.woff2 was preloaded using link preload but not used within a few seconds from the window's load event. Please make sure it has an appropriate `as` value and it is preloaded intentionally. @ https://discord.com/login:0
[  770220ms] [WARNING] The resource https://discord.com/assets/dd24010f3cf7def7.woff2 was preloaded using link preload but not used within a few seconds from the window's load event. Please make sure it has an appropriate `as` value and it is preloaded intentionally. @ https://discord.com/login:0
[  790333ms] [INFO] %c[useAuthWebsocket] 
font-weight: bold;
color: purple;
 [24334ms] disconnected, code: 1006  @ https://discord.com/assets/sentry.36a95f7c8446f649.js:14
[  790333ms] [ERROR] %c[useAuthWebsocket] 
font-weight: bold;
color: purple;
 Could not complete Remote Auth login, trying to restart with a new Remote Auth session. @ https://discord.com/assets/sentry.36a95f7c8446f649.js:14
[  793883ms] [INFO] %c[useAuthWebsocket] 
font-weight: bold;
color: purple;
 [27884ms] cleaning up @ https://discord.com/assets/sentry.36a95f7c8446f649.js:14
[  793884ms] [INFO] %c[useAuthWebsocket] 
font-weight: bold;
color: purple;
 [0ms] connecting to wss://remote-auth-gateway.discord.gg/?v=2 @ https://discord.com/assets/sentry.36a95f7c8446f649.js:14
[  794804ms] [INFO] %c[useAuthWebsocket] 
font-weight: bold;
color: purple;
 [921ms] got hello, auth timeout=268724ms @ https://discord.com/assets/sentry.36a95f7c8446f649.js:14
[  794889ms] [INFO] %c[useAuthWebsocket] 
font-weight: bold;
color: purple;
 [1006ms] connected, handshaking with fingerprint: BH9dbg4mjPAInd-mzHZX4LyWk6LQzU343BQAKM54qQM @ https://discord.com/assets/sentry.36a95f7c8446f649.js:14
[  795229ms] [INFO] %c[useAuthWebsocket] 
font-weight: bold;
color: purple;
 [1345ms] computed nonce proof @ https://discord.com/assets/sentry.36a95f7c8446f649.js:14
[  795567ms] [INFO] %c[useAuthWebsocket] 
font-weight: bold;
color: purple;
 [1683ms] handshake complete awaiting remote auth. @ https://discord.com/assets/sentry.36a95f7c8446f649.js:14
[  798574ms] [WARNING] The resource https://discord.com/assets/189422196a4f8b53.woff2 was preloaded using link preload but not used within a few seconds from the window's load event. Please make sure it has an appropriate `as` value and it is preloaded intentionally. @ https://discord.com/login:0
[  798574ms] [WARNING] The resource https://discord.com/assets/ce3b8055f5114434.woff2 was preloaded using link preload but not used within a few seconds from the window's load event. Please make sure it has an appropriate `as` value and it is preloaded intentionally. @ https://discord.com/login:0
[  798575ms] [WARNING] The resource https://discord.com/assets/cb2006dbced0e246.woff2 was preloaded using link preload but not used within a few seconds from the window's load event. Please make sure it has an appropriate `as` value and it is preloaded intentionally. @ https://discord.com/login:0
[  798575ms] [WARNING] The resource https://discord.com/assets/7a6a566c2e88a35d.woff2 was preloaded using link preload but not used within a few seconds from the window's load event. Please make sure it has an appropriate `as` value and it is preloaded intentionally. @ https://discord.com/login:0
[  798575ms] [WARNING] The resource https://discord.com/assets/e52f0cba712e2fb4.woff2 was preloaded using link preload but not used within a few seconds from the window's load event. Please make sure it has an appropriate `as` value and it is preloaded intentionally. @ https://discord.com/login:0
[  798575ms] [WARNING] The resource https://discord.com/assets/dd24010f3cf7def7.woff2 was preloaded using link preload but not used within a few seconds from the window's load event. Please make sure it has an appropriate `as` value and it is preloaded intentionally. @ https://discord.com/login:0
[  810428ms] [INFO] %c[useAuthWebsocket] 
font-weight: bold;
color: purple;
 [16544ms] disconnected, code: 1006  @ https://discord.com/assets/sentry.36a95f7c8446f649.js:14
[  810428ms] [ERROR] %c[useAuthWebsocket] 
font-weight: bold;
color: purple;
 Could not complete Remote Auth login, trying to restart with a new Remote Auth session. @ https://discord.com/assets/sentry.36a95f7c8446f649.js:14
[  813247ms] [INFO] %c[useAuthWebsocket] 
font-weight: bold;
color: purple;
 [19364ms] cleaning up @ https://discord.com/assets/sentry.36a95f7c8446f649.js:14
[  813248ms] [INFO] %c[useAuthWebsocket] 
font-weight: bold;
color: purple;
 [0ms] connecting to wss://remote-auth-gateway.discord.gg/?v=2 @ https://discord.com/assets/sentry.36a95f7c8446f649.js:14
[  814572ms] [INFO] %c[useAuthWebsocket] 
font-weight: bold;
color: purple;
 [1325ms] got hello, auth timeout=286673ms @ https://discord.com/assets/sentry.36a95f7c8446f649.js:14
[  814603ms] [INFO] %c[useAuthWebsocket] 
font-weight: bold;
color: purple;
 [1356ms] connected, handshaking with fingerprint: IlglpQTEt5ogbPmHHc_28dTMXLR9rNLIrQca20Taa7Q @ https://discord.com/assets/sentry.36a95f7c8446f649.js:14
[  814930ms] [INFO] %c[useAuthWebsocket] 
font-weight: bold;
color: purple;
 [1682ms] computed nonce proof @ https://discord.com/assets/sentry.36a95f7c8446f649.js:14
[  815523ms] [INFO] %c[useAuthWebsocket] 
font-weight: bold;
color: purple;
 [2275ms] handshake complete awaiting remote auth. @ https://discord.com/assets/sentry.36a95f7c8446f649.js:14
[  818527ms] [WARNING] The resource https://discord.com/assets/189422196a4f8b53.woff2 was preloaded using link preload but not used within a few seconds from the window's load event. Please make sure it has an appropriate `as` value and it is preloaded intentionally. @ https://discord.com/login:0
[  818527ms] [WARNING] The resource https://discord.com/assets/ce3b8055f5114434.woff2 was preloaded using link preload but not used within a few seconds from the window's load event. Please make sure it has an appropriate `as` value and it is preloaded intentionally. @ https://discord.com/login:0
[  818527ms] [WARNING] The resource https://discord.com/assets/cb2006dbced0e246.woff2 was preloaded using link preload but not used within a few seconds from the window's load event. Please make sure it has an appropriate `as` value and it is preloaded intentionally. @ https://discord.com/login:0
[  818527ms] [WARNING] The resource https://discord.com/assets/7a6a566c2e88a35d.woff2 was preloaded using link preload but not used within a few seconds from the window's load event. Please make sure it has an appropriate `as` value and it is preloaded intentionally. @ https://discord.com/login:0
[  818527ms] [WARNING] The resource https://discord.com/assets/e52f0cba712e2fb4.woff2 was preloaded using link preload but not used within a few seconds from the window's load event. Please make sure it has an appropriate `as` value and it is preloaded intentionally. @ https://discord.com/login:0
[  818527ms] [WARNING] The resource https://discord.com/assets/dd24010f3cf7def7.woff2 was preloaded using link preload but not used within a few seconds from the window's load event. Please make sure it has an appropriate `as` value and it is preloaded intentionally. @ https://discord.com/login:0
[  830206ms] [INFO] %c[useAuthWebsocket] 
font-weight: bold;
color: purple;
 [16959ms] disconnected, code: 1006  @ https://discord.com/assets/sentry.36a95f7c8446f649.js:14
[  830206ms] [ERROR] %c[useAuthWebsocket] 
font-weight: bold;
color: purple;
 Could not complete Remote Auth login, trying to restart with a new Remote Auth session. @ https://discord.com/assets/sentry.36a95f7c8446f649.js:14
[  834220ms] [INFO] %c[useAuthWebsocket] 
font-weight: bold;
color: purple;
 [20972ms] cleaning up @ https://discord.com/assets/sentry.36a95f7c8446f649.js:14
[  834221ms] [INFO] %c[useAuthWebsocket] 
font-weight: bold;
color: purple;
 [0ms] connecting to wss://remote-auth-gateway.discord.gg/?v=2 @ https://discord.com/assets/sentry.36a95f7c8446f649.js:14
[  836111ms] [INFO] %c[useAuthWebsocket] 
font-weight: bold;
color: purple;
 [1891ms] got hello, auth timeout=338592ms @ https://discord.com/assets/sentry.36a95f7c8446f649.js:14
[  836143ms] [INFO] %c[useAuthWebsocket] 
font-weight: bold;
color: purple;
 [1923ms] connected, handshaking with fingerprint: KZQwuHGjWOABdS5x526E8Roo31KhqCGLI6mHdXVtfR0 @ https://discord.com/assets/sentry.36a95f7c8446f649.js:14
[  836504ms] [INFO] %c[useAuthWebsocket] 
font-weight: bold;
color: purple;
 [2284ms] computed nonce proof @ https://discord.com/assets/sentry.36a95f7c8446f649.js:14
[  836842ms] [INFO] %c[useAuthWebsocket] 
font-weight: bold;
color: purple;
 [2621ms] handshake complete awaiting remote auth. @ https://discord.com/assets/sentry.36a95f7c8446f649.js:14
[  839846ms] [WARNING] The resource https://discord.com/assets/189422196a4f8b53.woff2 was preloaded using link preload but not used within a few seconds from the window's load event. Please make sure it has an appropriate `as` value and it is preloaded intentionally. @ https://discord.com/login:0
[  839847ms] [WARNING] The resource https://discord.com/assets/ce3b8055f5114434.woff2 was preloaded using link preload but not used within a few seconds from the window's load event. Please make sure it has an appropriate `as` value and it is preloaded intentionally. @ https://discord.com/login:0
[  839847ms] [WARNING] The resource https://discord.com/assets/cb2006dbced0e246.woff2 was preloaded using link preload but not used within a few seconds from the window's load event. Please make sure it has an appropriate `as` value and it is preloaded intentionally. @ https://discord.com/login:0
[  839847ms] [WARNING] The resource https://discord.com/assets/7a6a566c2e88a35d.woff2 was preloaded using link preload but not used within a few seconds from the window's load event. Please make sure it has an appropriate `as` value and it is preloaded intentionally. @ https://discord.com/login:0
[  839847ms] [WARNING] The resource https://discord.com/assets/e52f0cba712e2fb4.woff2 was preloaded using link preload but not used within a few seconds from the window's load event. Please make sure it has an appropriate `as` value and it is preloaded intentionally. @ https://discord.com/login:0
[  839847ms] [WARNING] The resource https://discord.com/assets/dd24010f3cf7def7.woff2 was preloaded using link preload but not used within a few seconds from the window's load event. Please make sure it has an appropriate `as` value and it is preloaded intentionally. @ https://discord.com/login:0
[  851721ms] [INFO] %c[useAuthWebsocket] 
font-weight: bold;
color: purple;
 [17500ms] disconnected, code: 1006  @ https://discord.com/assets/sentry.36a95f7c8446f649.js:14
[  851721ms] [ERROR] %c[useAuthWebsocket] 
font-weight: bold;
color: purple;
 Could not complete Remote Auth login, trying to restart with a new Remote Auth session. @ https://discord.com/assets/sentry.36a95f7c8446f649.js:14
[  853898ms] [INFO] %c[useAuthWebsocket] 
font-weight: bold;
color: purple;
 [19678ms] cleaning up @ https://discord.com/assets/sentry.36a95f7c8446f649.js:14
[  853899ms] [INFO] %c[useAuthWebsocket] 
font-weight: bold;
color: purple;
 [0ms] connecting to wss://remote-auth-gateway.discord.gg/?v=2 @ https://discord.com/assets/sentry.36a95f7c8446f649.js:14
[  854956ms] [INFO] %c[useAuthWebsocket] 
font-weight: bold;
color: purple;
 [1058ms] got hello, auth timeout=302865ms @ https://discord.com/assets/sentry.36a95f7c8446f649.js:14
[  855000ms] [INFO] %c[useAuthWebsocket] 
font-weight: bold;
color: purple;
 [1102ms] connected, handshaking with fingerprint: w2RKNDSYs0hhrhIAewp3QP5A8tVcPLjRVmAvkb_GfEc @ https://discord.com/assets/sentry.36a95f7c8446f649.js:14
[  855321ms] [INFO] %c[useAuthWebsocket] 
font-weight: bold;
color: purple;
 [1422ms] computed nonce proof @ https://discord.com/assets/sentry.36a95f7c8446f649.js:14
[  855654ms] [INFO] %c[useAuthWebsocket] 
font-weight: bold;
color: purple;
 [1756ms] handshake complete awaiting remote auth. @ https://discord.com/assets/sentry.36a95f7c8446f649.js:14
[  858663ms] [WARNING] The resource https://discord.com/assets/189422196a4f8b53.woff2 was preloaded using link preload but not used within a few seconds from the window's load event. Please make sure it has an appropriate `as` value and it is preloaded intentionally. @ https://discord.com/login:0
[  858663ms] [WARNING] The resource https://discord.com/assets/ce3b8055f5114434.woff2 was preloaded using link preload but not used within a few seconds from the window's load event. Please make sure it has an appropriate `as` value and it is preloaded intentionally. @ https://discord.com/login:0
[  858663ms] [WARNING] The resource https://discord.com/assets/cb2006dbced0e246.woff2 was preloaded using link preload but not used within a few seconds from the window's load event. Please make sure it has an appropriate `as` value and it is preloaded intentionally. @ https://discord.com/login:0
[  858663ms] [WARNING] The resource https://discord.com/assets/7a6a566c2e88a35d.woff2 was preloaded using link preload but not used within a few seconds from the window's load event. Please make sure it has an appropriate `as` value and it is preloaded intentionally. @ https://discord.com/login:0
[  858663ms] [WARNING] The resource https://discord.com/assets/e52f0cba712e2fb4.woff2 was preloaded using link preload but not used within a few seconds from the window's load event. Please make sure it has an appropriate `as` value and it is preloaded intentionally. @ https://discord.com/login:0
[  858663ms] [WARNING] The resource https://discord.com/assets/dd24010f3cf7def7.woff2 was preloaded using link preload but not used within a few seconds from the window's load event. Please make sure it has an appropriate `as` value and it is preloaded intentionally. @ https://discord.com/login:0
[  871008ms] [INFO] %c[useAuthWebsocket] 
font-weight: bold;
color: purple;
 [17110ms] disconnected, code: 1006  @ https://discord.com/assets/sentry.36a95f7c8446f649.js:14
[  871008ms] [ERROR] %c[useAuthWebsocket] 
font-weight: bold;
color: purple;
 Could not complete Remote Auth login, trying to restart with a new Remote Auth session. @ https://discord.com/assets/sentry.36a95f7c8446f649.js:14
[  873574ms] [INFO] %c[useAuthWebsocket] 
font-weight: bold;
color: purple;
 [19676ms] cleaning up @ https://discord.com/assets/sentry.36a95f7c8446f649.js:14
[  873575ms] [INFO] %c[useAuthWebsocket] 
font-weight: bold;
color: purple;
 [0ms] connecting to wss://remote-auth-gateway.discord.gg/?v=2 @ https://discord.com/assets/sentry.36a95f7c8446f649.js:14
[  875021ms] [INFO] %c[useAuthWebsocket] 
font-weight: bold;
color: purple;
 [1446ms] got hello, auth timeout=299924ms @ https://discord.com/assets/sentry.36a95f7c8446f649.js:14
[  875044ms] [INFO] %c[useAuthWebsocket] 
font-weight: bold;
color: purple;
 [1470ms] connected, handshaking with fingerprint: v0OfH04CW3l-ca2FhwYJW8KXHm9zfw1BHrW3J_lQpvQ @ https://discord.com/assets/sentry.36a95f7c8446f649.js:14
[  875605ms] [INFO] %c[useAuthWebsocket] 
font-weight: bold;
color: purple;
 [2031ms] computed nonce proof @ https://discord.com/assets/sentry.36a95f7c8446f649.js:14
[  875889ms] [INFO] %c[useAuthWebsocket] 
font-weight: bold;
color: purple;
 [2315ms] handshake complete awaiting remote auth. @ https://discord.com/assets/sentry.36a95f7c8446f649.js:14
[  878892ms] [WARNING] The resource https://discord.com/assets/189422196a4f8b53.woff2 was preloaded using link preload but not used within a few seconds from the window's load event. Please make sure it has an appropriate `as` value and it is preloaded intentionally. @ https://discord.com/login:0
[  878892ms] [WARNING] The resource https://discord.com/assets/ce3b8055f5114434.woff2 was preloaded using link preload but not used within a few seconds from the window's load event. Please make sure it has an appropriate `as` value and it is preloaded intentionally. @ https://discord.com/login:0
[  878892ms] [WARNING] The resource https://discord.com/assets/cb2006dbced0e246.woff2 was preloaded using link preload but not used within a few seconds from the window's load event. Please make sure it has an appropriate `as` value and it is preloaded intentionally. @ https://discord.com/login:0
[  878892ms] [WARNING] The resource https://discord.com/assets/7a6a566c2e88a35d.woff2 was preloaded using link preload but not used within a few seconds from the window's load event. Please make sure it has an appropriate `as` value and it is preloaded intentionally. @ https://discord.com/login:0
[  878892ms] [WARNING] The resource https://discord.com/assets/e52f0cba712e2fb4.woff2 was preloaded using link preload but not used within a few seconds from the window's load event. Please make sure it has an appropriate `as` value and it is preloaded intentionally. @ https://discord.com/login:0
[  878892ms] [WARNING] The resource https://discord.com/assets/dd24010f3cf7def7.woff2 was preloaded using link preload but not used within a few seconds from the window's load event. Please make sure it has an appropriate `as` value and it is preloaded intentionally. @ https://discord.com/login:0
[  890466ms] [INFO] %c[useAuthWebsocket] 
font-weight: bold;
color: purple;
 [16891ms] disconnected, code: 1006  @ https://discord.com/assets/sentry.36a95f7c8446f649.js:14
[  890466ms] [ERROR] %c[useAuthWebsocket] 
font-weight: bold;
color: purple;
 Could not complete Remote Auth login, trying to restart with a new Remote Auth session. @ https://discord.com/assets/sentry.36a95f7c8446f649.js:14
[  893207ms] [INFO] %c[useAuthWebsocket] 
font-weight: bold;
color: purple;
 [19633ms] cleaning up @ https://discord.com/assets/sentry.36a95f7c8446f649.js:14
[  893208ms] [INFO] %c[useAuthWebsocket] 
font-weight: bold;
color: purple;
 [0ms] connecting to wss://remote-auth-gateway.discord.gg/?v=2 @ https://discord.com/assets/sentry.36a95f7c8446f649.js:14
[  894188ms] [INFO] %c[useAuthWebsocket] 
font-weight: bold;
color: purple;
 [980ms] got hello, auth timeout=342148ms @ https://discord.com/assets/sentry.36a95f7c8446f649.js:14
[  894309ms] [INFO] %c[useAuthWebsocket] 
font-weight: bold;
color: purple;
 [1102ms] connected, handshaking with fingerprint: 1RGYrkXFw8jQZbGCVOFLAIQ1_W9yS8s8LyMAjazGsgA @ https://discord.com/assets/sentry.36a95f7c8446f649.js:14
[  894588ms] [INFO] %c[useAuthWebsocket] 
font-weight: bold;
color: purple;
 [1381ms] computed nonce proof @ https://discord.com/assets/sentry.36a95f7c8446f649.js:14
[  894866ms] [INFO] %c[useAuthWebsocket] 
font-weight: bold;
color: purple;
 [1659ms] handshake complete awaiting remote auth. @ https://discord.com/assets/sentry.36a95f7c8446f649.js:14
[  897873ms] [WARNING] The resource https://discord.com/assets/189422196a4f8b53.woff2 was preloaded using link preload but not used within a few seconds from the window's load event. Please make sure it has an appropriate `as` value and it is preloaded intentionally. @ https://discord.com/login:0
[  897873ms] [WARNING] The resource https://discord.com/assets/ce3b8055f5114434.woff2 was preloaded using link preload but not used within a few seconds from the window's load event. Please make sure it has an appropriate `as` value and it is preloaded intentionally. @ https://discord.com/login:0
[  897873ms] [WARNING] The resource https://discord.com/assets/cb2006dbced0e246.woff2 was preloaded using link preload but not used within a few seconds from the window's load event. Please make sure it has an appropriate `as` value and it is preloaded intentionally. @ https://discord.com/login:0
[  897873ms] [WARNING] The resource https://discord.com/assets/7a6a566c2e88a35d.woff2 was preloaded using link preload but not used within a few seconds from the window's load event. Please make sure it has an appropriate `as` value and it is preloaded intentionally. @ https://discord.com/login:0
[  897873ms] [WARNING] The resource https://discord.com/assets/e52f0cba712e2fb4.woff2 was preloaded using link preload but not used within a few seconds from the window's load event. Please make sure it has an appropriate `as` value and it is preloaded intentionally. @ https://discord.com/login:0
[  897873ms] [WARNING] The resource https://discord.com/assets/dd24010f3cf7def7.woff2 was preloaded using link preload but not used within a few seconds from the window's load event. Please make sure it has an appropriate `as` value and it is preloaded intentionally. @ https://discord.com/login:0
[  909573ms] [INFO] %c[useAuthWebsocket] 
font-weight: bold;
color: purple;
 [16365ms] disconnected, code: 1006  @ https://discord.com/assets/sentry.36a95f7c8446f649.js:14
[  909573ms] [ERROR] %c[useAuthWebsocket] 
font-weight: bold;
color: purple;
 Could not complete Remote Auth login, trying to restart with a new Remote Auth session. @ https://discord.com/assets/sentry.36a95f7c8446f649.js:14
[  912734ms] [INFO] %c[useAuthWebsocket] 
font-weight: bold;
color: purple;
 [19527ms] cleaning up @ https://discord.com/assets/sentry.36a95f7c8446f649.js:14
[  912736ms] [INFO] %c[useAuthWebsocket] 
font-weight: bold;
color: purple;
 [0ms] connecting to wss://remote-auth-gateway.discord.gg/?v=2 @ https://discord.com/assets/sentry.36a95f7c8446f649.js:14
[  913358ms] [INFO] %c[useAuthWebsocket] 
font-weight: bold;
color: purple;
 [623ms] got hello, auth timeout=265319ms @ https://discord.com/assets/sentry.36a95f7c8446f649.js:14
[  913392ms] [INFO] %c[useAuthWebsocket] 
font-weight: bold;
color: purple;
 [657ms] connected, handshaking with fingerprint: -TIcF-PfIyensEpTrrKdWs7ODL6B3wIPrBVuxjAo_8o @ https://discord.com/assets/sentry.36a95f7c8446f649.js:14
[  913657ms] [INFO] %c[useAuthWebsocket] 
font-weight: bold;
color: purple;
 [923ms] computed nonce proof @ https://discord.com/assets/sentry.36a95f7c8446f649.js:14
[  913917ms] [INFO] %c[useAuthWebsocket] 
font-weight: bold;
color: purple;
 [1182ms] handshake complete awaiting remote auth. @ https://discord.com/assets/sentry.36a95f7c8446f649.js:14
[  916922ms] [WARNING] The resource https://discord.com/assets/189422196a4f8b53.woff2 was preloaded using link preload but not used within a few seconds from the window's load event. Please make sure it has an appropriate `as` value and it is preloaded intentionally. @ https://discord.com/login:0
[  916922ms] [WARNING] The resource https://discord.com/assets/ce3b8055f5114434.woff2 was preloaded using link preload but not used within a few seconds from the window's load event. Please make sure it has an appropriate `as` value and it is preloaded intentionally. @ https://discord.com/login:0
[  916922ms] [WARNING] The resource https://discord.com/assets/cb2006dbced0e246.woff2 was preloaded using link preload but not used within a few seconds from the window's load event. Please make sure it has an appropriate `as` value and it is preloaded intentionally. @ https://discord.com/login:0
[  916922ms] [WARNING] The resource https://discord.com/assets/7a6a566c2e88a35d.woff2 was preloaded using link preload but not used within a few seconds from the window's load event. Please make sure it has an appropriate `as` value and it is preloaded intentionally. @ https://discord.com/login:0
[  916922ms] [WARNING] The resource https://discord.com/assets/e52f0cba712e2fb4.woff2 was preloaded using link preload but not used within a few seconds from the window's load event. Please make sure it has an appropriate `as` value and it is preloaded intentionally. @ https://discord.com/login:0
[  916922ms] [WARNING] The resource https://discord.com/assets/dd24010f3cf7def7.woff2 was preloaded using link preload but not used within a few seconds from the window's load event. Please make sure it has an appropriate `as` value and it is preloaded intentionally. @ https://discord.com/login:0
[  929067ms] [INFO] %c[useAuthWebsocket] 
font-weight: bold;
color: purple;
 [16332ms] disconnected, code: 1006  @ https://discord.com/assets/sentry.36a95f7c8446f649.js:14
[  929067ms] [ERROR] %c[useAuthWebsocket] 
font-weight: bold;
color: purple;
 Could not complete Remote Auth login, trying to restart with a new Remote Auth session. @ https://discord.com/assets/sentry.36a95f7c8446f649.js:14
[  932761ms] [INFO] %c[useAuthWebsocket] 
font-weight: bold;
color: purple;
 [20026ms] cleaning up @ https://discord.com/assets/sentry.36a95f7c8446f649.js:14
[  932762ms] [INFO] %c[useAuthWebsocket] 
font-weight: bold;
color: purple;
 [0ms] connecting to wss://remote-auth-gateway.discord.gg/?v=2 @ https://discord.com/assets/sentry.36a95f7c8446f649.js:14
[  934162ms] [INFO] %c[useAuthWebsocket] 
font-weight: bold;
color: purple;
 [1400ms] got hello, auth timeout=309842ms @ https://discord.com/assets/sentry.36a95f7c8446f649.js:14
[  934245ms] [INFO] %c[useAuthWebsocket] 
font-weight: bold;
color: purple;
 [1483ms] connected, handshaking with fingerprint: fH7Hc2grzPJu2MHEZyhKUehbn6-JgeiEZvG78vVWm5Y @ https://discord.com/assets/sentry.36a95f7c8446f649.js:14
[  934846ms] [INFO] %c[useAuthWebsocket] 
font-weight: bold;
color: purple;
 [2085ms] computed nonce proof @ https://discord.com/assets/sentry.36a95f7c8446f649.js:14
[  935195ms] [INFO] %c[useAuthWebsocket] 
font-weight: bold;
color: purple;
 [2434ms] handshake complete awaiting remote auth. @ https://discord.com/assets/sentry.36a95f7c8446f649.js:14
[  938213ms] [WARNING] The resource https://discord.com/assets/189422196a4f8b53.woff2 was preloaded using link preload but not used within a few seconds from the window's load event. Please make sure it has an appropriate `as` value and it is preloaded intentionally. @ https://discord.com/login:0
[  938214ms] [WARNING] The resource https://discord.com/assets/ce3b8055f5114434.woff2 was preloaded using link preload but not used within a few seconds from the window's load event. Please make sure it has an appropriate `as` value and it is preloaded intentionally. @ https://discord.com/login:0
[  938214ms] [WARNING] The resource https://discord.com/assets/cb2006dbced0e246.woff2 was preloaded using link preload but not used within a few seconds from the window's load event. Please make sure it has an appropriate `as` value and it is preloaded intentionally. @ https://discord.com/login:0
[  938214ms] [WARNING] The resource https://discord.com/assets/7a6a566c2e88a35d.woff2 was preloaded using link preload but not used within a few seconds from the window's load event. Please make sure it has an appropriate `as` value and it is preloaded intentionally. @ https://discord.com/login:0
[  938214ms] [WARNING] The resource https://discord.com/assets/e52f0cba712e2fb4.woff2 was preloaded using link preload but not used within a few seconds from the window's load event. Please make sure it has an appropriate `as` value and it is preloaded intentionally. @ https://discord.com/login:0
[  938214ms] [WARNING] The resource https://discord.com/assets/dd24010f3cf7def7.woff2 was preloaded using link preload but not used within a few seconds from the window's load event. Please make sure it has an appropriate `as` value and it is preloaded intentionally. @ https://discord.com/login:0
[  949807ms] [INFO] %c[useAuthWebsocket] 
font-weight: bold;
color: purple;
 [17046ms] disconnected, code: 1006  @ https://discord.com/assets/sentry.36a95f7c8446f649.js:14
[  949807ms] [ERROR] %c[useAuthWebsocket] 
font-weight: bold;
color: purple;
 Could not complete Remote Auth login, trying to restart with a new Remote Auth session. @ https://discord.com/assets/sentry.36a95f7c8446f649.js:14
[  951496ms] [INFO] %c[useAuthWebsocket] 
font-weight: bold;
color: purple;
 [18734ms] cleaning up @ https://discord.com/assets/sentry.36a95f7c8446f649.js:14
[  951496ms] [INFO] %c[useAuthWebsocket] 
font-weight: bold;
color: purple;
 [0ms] connecting to wss://remote-auth-gateway.discord.gg/?v=2 @ https://discord.com/assets/sentry.36a95f7c8446f649.js:14
[  952256ms] [INFO] %c[useAuthWebsocket] 
font-weight: bold;
color: purple;
 [761ms] got hello, auth timeout=292947ms @ https://discord.com/assets/sentry.36a95f7c8446f649.js:14
[  952306ms] [INFO] %c[useAuthWebsocket] 
font-weight: bold;
color: purple;
 [811ms] connected, handshaking with fingerprint: GWyXR31xMEGZTppGgkzbZA_qoeJqO5OwlL9nMVd6I0I @ https://discord.com/assets/sentry.36a95f7c8446f649.js:14
[  952604ms] [INFO] %c[useAuthWebsocket] 
font-weight: bold;
color: purple;
 [1108ms] computed nonce proof @ https://discord.com/assets/sentry.36a95f7c8446f649.js:14
[  952908ms] [INFO] %c[useAuthWebsocket] 
font-weight: bold;
color: purple;
 [1413ms] handshake complete awaiting remote auth. @ https://discord.com/assets/sentry.36a95f7c8446f649.js:14
[  955915ms] [WARNING] The resource https://discord.com/assets/189422196a4f8b53.woff2 was preloaded using link preload but not used within a few seconds from the window's load event. Please make sure it has an appropriate `as` value and it is preloaded intentionally. @ https://discord.com/login:0
[  955915ms] [WARNING] The resource https://discord.com/assets/ce3b8055f5114434.woff2 was preloaded using link preload but not used within a few seconds from the window's load event. Please make sure it has an appropriate `as` value and it is preloaded intentionally. @ https://discord.com/login:0
[  955915ms] [WARNING] The resource https://discord.com/assets/cb2006dbced0e246.woff2 was preloaded using link preload but not used within a few seconds from the window's load event. Please make sure it has an appropriate `as` value and it is preloaded intentionally. @ https://discord.com/login:0
[  955915ms] [WARNING] The resource https://discord.com/assets/7a6a566c2e88a35d.woff2 was preloaded using link preload but not used within a few seconds from the window's load event. Please make sure it has an appropriate `as` value and it is preloaded intentionally. @ https://discord.com/login:0
[  955915ms] [WARNING] The resource https://discord.com/assets/e52f0cba712e2fb4.woff2 was preloaded using link preload but not used within a few seconds from the window's load event. Please make sure it has an appropriate `as` value and it is preloaded intentionally. @ https://discord.com/login:0
[  955915ms] [WARNING] The resource https://discord.com/assets/dd24010f3cf7def7.woff2 was preloaded using link preload but not used within a few seconds from the window's load event. Please make sure it has an appropriate `as` value and it is preloaded intentionally. @ https://discord.com/login:0
[  967874ms] [INFO] %c[useAuthWebsocket] 
font-weight: bold;
color: purple;
 [16379ms] disconnected, code: 1006  @ https://discord.com/assets/sentry.36a95f7c8446f649.js:14
[  967875ms] [ERROR] %c[useAuthWebsocket] 
font-weight: bold;
color: purple;
 Could not complete Remote Auth login, trying to restart with a new Remote Auth session. @ https://discord.com/assets/sentry.36a95f7c8446f649.js:14
[  972136ms] [INFO] %c[useAuthWebsocket] 
font-weight: bold;
color: purple;
 [20640ms] cleaning up @ https://discord.com/assets/sentry.36a95f7c8446f649.js:14
[  972137ms] [INFO] %c[useAuthWebsocket] 
font-weight: bold;
color: purple;
 [0ms] connecting to wss://remote-auth-gateway.discord.gg/?v=2 @ https://discord.com/assets/sentry.36a95f7c8446f649.js:14
[  973483ms] [INFO] %c[useAuthWebsocket] 
font-weight: bold;
color: purple;
 [1346ms] got hello, auth timeout=261766ms @ https://discord.com/assets/sentry.36a95f7c8446f649.js:14
[  973593ms] [INFO] %c[useAuthWebsocket] 
font-weight: bold;
color: purple;
 [1456ms] connected, handshaking with fingerprint: Z8eIbV1pC9ETMiCS4Ver4fJyzfz99DDuyQVIetugU_s @ https://discord.com/assets/sentry.36a95f7c8446f649.js:14
[  973929ms] [INFO] %c[useAuthWebsocket] 
font-weight: bold;
color: purple;
 [1793ms] computed nonce proof @ https://discord.com/assets/sentry.36a95f7c8446f649.js:14
[  974272ms] [INFO] %c[useAuthWebsocket] 
font-weight: bold;
color: purple;
 [2135ms] handshake complete awaiting remote auth. @ https://discord.com/assets/sentry.36a95f7c8446f649.js:14
[  977290ms] [WARNING] The resource https://discord.com/assets/189422196a4f8b53.woff2 was preloaded using link preload but not used within a few seconds from the window's load event. Please make sure it has an appropriate `as` value and it is preloaded intentionally. @ https://discord.com/login:0
[  977290ms] [WARNING] The resource https://discord.com/assets/ce3b8055f5114434.woff2 was preloaded using link preload but not used within a few seconds from the window's load event. Please make sure it has an appropriate `as` value and it is preloaded intentionally. @ https://discord.com/login:0
[  977290ms] [WARNING] The resource https://discord.com/assets/cb2006dbced0e246.woff2 was preloaded using link preload but not used within a few seconds from the window's load event. Please make sure it has an appropriate `as` value and it is preloaded intentionally. @ https://discord.com/login:0
[  977290ms] [WARNING] The resource https://discord.com/assets/7a6a566c2e88a35d.woff2 was preloaded using link preload but not used within a few seconds from the window's load event. Please make sure it has an appropriate `as` value and it is preloaded intentionally. @ https://discord.com/login:0
[  977290ms] [WARNING] The resource https://discord.com/assets/e52f0cba712e2fb4.woff2 was preloaded using link preload but not used within a few seconds from the window's load event. Please make sure it has an appropriate `as` value and it is preloaded intentionally. @ https://discord.com/login:0
[  977290ms] [WARNING] The resource https://discord.com/assets/dd24010f3cf7def7.woff2 was preloaded using link preload but not used within a few seconds from the window's load event. Please make sure it has an appropriate `as` value and it is preloaded intentionally. @ https://discord.com/login:0
[  989088ms] [INFO] %c[useAuthWebsocket] 
font-weight: bold;
color: purple;
 [16952ms] disconnected, code: 1006  @ https://discord.com/assets/sentry.36a95f7c8446f649.js:14
[  989089ms] [ERROR] %c[useAuthWebsocket] 
font-weight: bold;
color: purple;
 Could not complete Remote Auth login, trying to restart with a new Remote Auth session. @ https://discord.com/assets/sentry.36a95f7c8446f649.js:14
[  991698ms] [INFO] %c[useAuthWebsocket] 
font-weight: bold;
color: purple;
 [19561ms] cleaning up @ https://discord.com/assets/sentry.36a95f7c8446f649.js:14
[  991698ms] [INFO] %c[useAuthWebsocket] 
font-weight: bold;
color: purple;
 [0ms] connecting to wss://remote-auth-gateway.discord.gg/?v=2 @ https://discord.com/assets/sentry.36a95f7c8446f649.js:14
[  994100ms] [INFO] %c[useAuthWebsocket] 
font-weight: bold;
color: purple;
 [2403ms] got hello, auth timeout=316263ms @ https://discord.com/assets/sentry.36a95f7c8446f649.js:14
[  994130ms] [INFO] %c[useAuthWebsocket] 
font-weight: bold;
color: purple;
 [2433ms] connected, handshaking with fingerprint: PpNnytIZEdmvpt-3TUXR9r7kqoedhNs6xPDMAeA6jt0 @ https://discord.com/assets/sentry.36a95f7c8446f649.js:14
[  994500ms] [INFO] %c[useAuthWebsocket] 
font-weight: bold;
color: purple;
 [2802ms] computed nonce proof @ https://discord.com/assets/sentry.36a95f7c8446f649.js:14
[  994854ms] [INFO] %c[useAuthWebsocket] 
font-weight: bold;
color: purple;
 [3156ms] handshake complete awaiting remote auth. @ https://discord.com/assets/sentry.36a95f7c8446f649.js:14
[  997858ms] [WARNING] The resource https://discord.com/assets/189422196a4f8b53.woff2 was preloaded using link preload but not used within a few seconds from the window's load event. Please make sure it has an appropriate `as` value and it is preloaded intentionally. @ https://discord.com/login:0
[  997858ms] [WARNING] The resource https://discord.com/assets/ce3b8055f5114434.woff2 was preloaded using link preload but not used within a few seconds from the window's load event. Please make sure it has an appropriate `as` value and it is preloaded intentionally. @ https://discord.com/login:0
[  997858ms] [WARNING] The resource https://discord.com/assets/cb2006dbced0e246.woff2 was preloaded using link preload but not used within a few seconds from the window's load event. Please make sure it has an appropriate `as` value and it is preloaded intentionally. @ https://discord.com/login:0
[  997858ms] [WARNING] The resource https://discord.com/assets/7a6a566c2e88a35d.woff2 was preloaded using link preload but not used within a few seconds from the window's load event. Please make sure it has an appropriate `as` value and it is preloaded intentionally. @ https://discord.com/login:0
[  997858ms] [WARNING] The resource https://discord.com/assets/e52f0cba712e2fb4.woff2 was preloaded using link preload but not used within a few seconds from the window's load event. Please make sure it has an appropriate `as` value and it is preloaded intentionally. @ https://discord.com/login:0
[  997858ms] [WARNING] The resource https://discord.com/assets/dd24010f3cf7def7.woff2 was preloaded using link preload but not used within a few seconds from the window's load event. Please make sure it has an appropriate `as` value and it is preloaded intentionally. @ https://discord.com/login:0
[ 1009749ms] [INFO] %c[useAuthWebsocket] 
font-weight: bold;
color: purple;
 [18052ms] disconnected, code: 1006  @ https://discord.com/assets/sentry.36a95f7c8446f649.js:14
[ 1009749ms] [ERROR] %c[useAuthWebsocket] 
font-weight: bold;
color: purple;
 Could not complete Remote Auth login, trying to restart with a new Remote Auth session. @ https://discord.com/assets/sentry.36a95f7c8446f649.js:14
[ 1012062ms] [INFO] %c[useAuthWebsocket] 
font-weight: bold;
color: purple;
 [20365ms] cleaning up @ https://discord.com/assets/sentry.36a95f7c8446f649.js:14
[ 1012063ms] [INFO] %c[useAuthWebsocket] 
font-weight: bold;
color: purple;
 [0ms] connecting to wss://remote-auth-gateway.discord.gg/?v=2 @ https://discord.com/assets/sentry.36a95f7c8446f649.js:14
[ 1013077ms] [INFO] %c[useAuthWebsocket] 
font-weight: bold;
color: purple;
 [1014ms] got hello, auth timeout=327826ms @ https://discord.com/assets/sentry.36a95f7c8446f649.js:14
[ 1013194ms] [INFO] %c[useAuthWebsocket] 
font-weight: bold;
color: purple;
 [1132ms] connected, handshaking with fingerprint: bEEJAlceJetHsVtBedsX8Vin5_QA9ZBLk4P6qlG5H1E @ https://discord.com/assets/sentry.36a95f7c8446f649.js:14
[ 1013739ms] [INFO] %c[useAuthWebsocket] 
font-weight: bold;
color: purple;
 [1677ms] computed nonce proof @ https://discord.com/assets/sentry.36a95f7c8446f649.js:14
[ 1014029ms] [INFO] %c[useAuthWebsocket] 
font-weight: bold;
color: purple;
 [1967ms] handshake complete awaiting remote auth. @ https://discord.com/assets/sentry.36a95f7c8446f649.js:14
[ 1017043ms] [WARNING] The resource https://discord.com/assets/189422196a4f8b53.woff2 was preloaded using link preload but not used within a few seconds from the window's load event. Please make sure it has an appropriate `as` value and it is preloaded intentionally. @ https://discord.com/login:0
[ 1017043ms] [WARNING] The resource https://discord.com/assets/ce3b8055f5114434.woff2 was preloaded using link preload but not used within a few seconds from the window's load event. Please make sure it has an appropriate `as` value and it is preloaded intentionally. @ https://discord.com/login:0
[ 1017044ms] [WARNING] The resource https://discord.com/assets/cb2006dbced0e246.woff2 was preloaded using link preload but not used within a few seconds from the window's load event. Please make sure it has an appropriate `as` value and it is preloaded intentionally. @ https://discord.com/login:0
[ 1017044ms] [WARNING] The resource https://discord.com/assets/7a6a566c2e88a35d.woff2 was preloaded using link preload but not used within a few seconds from the window's load event. Please make sure it has an appropriate `as` value and it is preloaded intentionally. @ https://discord.com/login:0
[ 1017044ms] [WARNING] The resource https://discord.com/assets/e52f0cba712e2fb4.woff2 was preloaded using link preload but not used within a few seconds from the window's load event. Please make sure it has an appropriate `as` value and it is preloaded intentionally. @ https://discord.com/login:0
[ 1017044ms] [WARNING] The resource https://discord.com/assets/dd24010f3cf7def7.woff2 was preloaded using link preload but not used within a few seconds from the window's load event. Please make sure it has an appropriate `as` value and it is preloaded intentionally. @ https://discord.com/login:0
[ 1036734ms] [INFO] %c[useAuthWebsocket] 
font-weight: bold;
color: purple;
 [24672ms] disconnected, code: 1006  @ https://discord.com/assets/sentry.36a95f7c8446f649.js:14
[ 1036734ms] [ERROR] %c[useAuthWebsocket] 
font-weight: bold;
color: purple;
 Could not complete Remote Auth login, trying to restart with a new Remote Auth session. @ https://discord.com/assets/sentry.36a95f7c8446f649.js:14
[ 1041233ms] [INFO] %c[useAuthWebsocket] 
font-weight: bold;
color: purple;
 [29171ms] cleaning up @ https://discord.com/assets/sentry.36a95f7c8446f649.js:14
[ 1041234ms] [INFO] %c[useAuthWebsocket] 
font-weight: bold;
color: purple;
 [0ms] connecting to wss://remote-auth-gateway.discord.gg/?v=2 @ https://discord.com/assets/sentry.36a95f7c8446f649.js:14
[ 1042647ms] [INFO] %c[useAuthWebsocket] 
font-weight: bold;
color: purple;
 [1413ms] got hello, auth timeout=287472ms @ https://discord.com/assets/sentry.36a95f7c8446f649.js:14
[ 1042680ms] [INFO] %c[useAuthWebsocket] 
font-weight: bold;
color: purple;
 [1447ms] connected, handshaking with fingerprint: lG9NrkO_G7gh8Ou2WyAis_jV5j0TYaCcWx8WUjGN6ZI @ https://discord.com/assets/sentry.36a95f7c8446f649.js:14
[ 1042975ms] [INFO] %c[useAuthWebsocket] 
font-weight: bold;
color: purple;
 [1741ms] computed nonce proof @ https://discord.com/assets/sentry.36a95f7c8446f649.js:14
[ 1043288ms] [INFO] %c[useAuthWebsocket] 
font-weight: bold;
color: purple;
 [2055ms] handshake complete awaiting remote auth. @ https://discord.com/assets/sentry.36a95f7c8446f649.js:14
[ 1046304ms] [WARNING] The resource https://discord.com/assets/189422196a4f8b53.woff2 was preloaded using link preload but not used within a few seconds from the window's load event. Please make sure it has an appropriate `as` value and it is preloaded intentionally. @ https://discord.com/login:0
[ 1046304ms] [WARNING] The resource https://discord.com/assets/ce3b8055f5114434.woff2 was preloaded using link preload but not used within a few seconds from the window's load event. Please make sure it has an appropriate `as` value and it is preloaded intentionally. @ https://discord.com/login:0
[ 1046304ms] [WARNING] The resource https://discord.com/assets/cb2006dbced0e246.woff2 was preloaded using link preload but not used within a few seconds from the window's load event. Please make sure it has an appropriate `as` value and it is preloaded intentionally. @ https://discord.com/login:0
[ 1046304ms] [WARNING] The resource https://discord.com/assets/7a6a566c2e88a35d.woff2 was preloaded using link preload but not used within a few seconds from the window's load event. Please make sure it has an appropriate `as` value and it is preloaded intentionally. @ https://discord.com/login:0
[ 1046304ms] [WARNING] The resource https://discord.com/assets/e52f0cba712e2fb4.woff2 was preloaded using link preload but not used within a few seconds from the window's load event. Please make sure it has an appropriate `as` value and it is preloaded intentionally. @ https://discord.com/login:0
[ 1046304ms] [WARNING] The resource https://discord.com/assets/dd24010f3cf7def7.woff2 was preloaded using link preload but not used within a few seconds from the window's load event. Please make sure it has an appropriate `as` value and it is preloaded intentionally. @ https://discord.com/login:0
[ 1058053ms] [INFO] %c[useAuthWebsocket] 
font-weight: bold;
color: purple;
 [16820ms] disconnected, code: 1006  @ https://discord.com/assets/sentry.36a95f7c8446f649.js:14
[ 1058054ms] [ERROR] %c[useAuthWebsocket] 
font-weight: bold;
color: purple;
 Could not complete Remote Auth login, trying to restart with a new Remote Auth session. @ https://discord.com/assets/sentry.36a95f7c8446f649.js:14
[ 1062208ms] [INFO] %c[useAuthWebsocket] 
font-weight: bold;
color: purple;
 [20974ms] cleaning up @ https://discord.com/assets/sentry.36a95f7c8446f649.js:14
[ 1062208ms] [INFO] %c[useAuthWebsocket] 
font-weight: bold;
color: purple;
 [0ms] connecting to wss://remote-auth-gateway.discord.gg/?v=2 @ https://discord.com/assets/sentry.36a95f7c8446f649.js:14
[ 1063043ms] [INFO] %c[useAuthWebsocket] 
font-weight: bold;
color: purple;
 [836ms] got hello, auth timeout=309746ms @ https://discord.com/assets/sentry.36a95f7c8446f649.js:14
[ 1063096ms] [INFO] %c[useAuthWebsocket] 
font-weight: bold;
color: purple;
 [888ms] connected, handshaking with fingerprint: eywFLDPVYckr1BZq1hr2_JbxZpJPZkrnb842SNq17fc @ https://discord.com/assets/sentry.36a95f7c8446f649.js:14
[ 1063436ms] [INFO] %c[useAuthWebsocket] 
font-weight: bold;
color: purple;
 [1228ms] computed nonce proof @ https://discord.com/assets/sentry.36a95f7c8446f649.js:14
[ 1063775ms] [INFO] %c[useAuthWebsocket] 
font-weight: bold;
color: purple;
 [1568ms] handshake complete awaiting remote auth. @ https://discord.com/assets/sentry.36a95f7c8446f649.js:14
[ 1066784ms] [WARNING] The resource https://discord.com/assets/189422196a4f8b53.woff2 was preloaded using link preload but not used within a few seconds from the window's load event. Please make sure it has an appropriate `as` value and it is preloaded intentionally. @ https://discord.com/login:0
[ 1066785ms] [WARNING] The resource https://discord.com/assets/ce3b8055f5114434.woff2 was preloaded using link preload but not used within a few seconds from the window's load event. Please make sure it has an appropriate `as` value and it is preloaded intentionally. @ https://discord.com/login:0
[ 1066785ms] [WARNING] The resource https://discord.com/assets/cb2006dbced0e246.woff2 was preloaded using link preload but not used within a few seconds from the window's load event. Please make sure it has an appropriate `as` value and it is preloaded intentionally. @ https://discord.com/login:0
[ 1066785ms] [WARNING] The resource https://discord.com/assets/7a6a566c2e88a35d.woff2 was preloaded using link preload but not used within a few seconds from the window's load event. Please make sure it has an appropriate `as` value and it is preloaded intentionally. @ https://discord.com/login:0
[ 1066785ms] [WARNING] The resource https://discord.com/assets/e52f0cba712e2fb4.woff2 was preloaded using link preload but not used within a few seconds from the window's load event. Please make sure it has an appropriate `as` value and it is preloaded intentionally. @ https://discord.com/login:0
[ 1066785ms] [WARNING] The resource https://discord.com/assets/dd24010f3cf7def7.woff2 was preloaded using link preload but not used within a few seconds from the window's load event. Please make sure it has an appropriate `as` value and it is preloaded intentionally. @ https://discord.com/login:0
[ 1078682ms] [INFO] %c[useAuthWebsocket] 
font-weight: bold;
color: purple;
 [16474ms] disconnected, code: 1006  @ https://discord.com/assets/sentry.36a95f7c8446f649.js:14
[ 1078682ms] [ERROR] %c[useAuthWebsocket] 
font-weight: bold;
color: purple;
 Could not complete Remote Auth login, trying to restart with a new Remote Auth session. @ https://discord.com/assets/sentry.36a95f7c8446f649.js:14
[ 1081277ms] [INFO] %c[useAuthWebsocket] 
font-weight: bold;
color: purple;
 [19070ms] cleaning up @ https://discord.com/assets/sentry.36a95f7c8446f649.js:14
[ 1081278ms] [INFO] %c[useAuthWebsocket] 
font-weight: bold;
color: purple;
 [0ms] connecting to wss://remote-auth-gateway.discord.gg/?v=2 @ https://discord.com/assets/sentry.36a95f7c8446f649.js:14
[ 1082109ms] [INFO] %c[useAuthWebsocket] 
font-weight: bold;
color: purple;
 [831ms] got hello, auth timeout=266860ms @ https://discord.com/assets/sentry.36a95f7c8446f649.js:14
[ 1082142ms] [INFO] %c[useAuthWebsocket] 
font-weight: bold;
color: purple;
 [864ms] connected, handshaking with fingerprint: KxQzI9P20ppm_RsxMWC-swMibqJwPJaqsR2wjSPZ1Fs @ https://discord.com/assets/sentry.36a95f7c8446f649.js:14
[ 1082471ms] [INFO] %c[useAuthWebsocket] 
font-weight: bold;
color: purple;
 [1194ms] computed nonce proof @ https://discord.com/assets/sentry.36a95f7c8446f649.js:14
[ 1082789ms] [INFO] %c[useAuthWebsocket] 
font-weight: bold;
color: purple;
 [1511ms] handshake complete awaiting remote auth. @ https://discord.com/assets/sentry.36a95f7c8446f649.js:14
[ 1085795ms] [WARNING] The resource https://discord.com/assets/189422196a4f8b53.woff2 was preloaded using link preload but not used within a few seconds from the window's load event. Please make sure it has an appropriate `as` value and it is preloaded intentionally. @ https://discord.com/login:0
[ 1085795ms] [WARNING] The resource https://discord.com/assets/ce3b8055f5114434.woff2 was preloaded using link preload but not used within a few seconds from the window's load event. Please make sure it has an appropriate `as` value and it is preloaded intentionally. @ https://discord.com/login:0
[ 1085795ms] [WARNING] The resource https://discord.com/assets/cb2006dbced0e246.woff2 was preloaded using link preload but not used within a few seconds from the window's load event. Please make sure it has an appropriate `as` value and it is preloaded intentionally. @ https://discord.com/login:0
[ 1085795ms] [WARNING] The resource https://discord.com/assets/7a6a566c2e88a35d.woff2 was preloaded using link preload but not used within a few seconds from the window's load event. Please make sure it has an appropriate `as` value and it is preloaded intentionally. @ https://discord.com/login:0
[ 1085795ms] [WARNING] The resource https://discord.com/assets/e52f0cba712e2fb4.woff2 was preloaded using link preload but not used within a few seconds from the window's load event. Please make sure it has an appropriate `as` value and it is preloaded intentionally. @ https://discord.com/login:0
[ 1085795ms] [WARNING] The resource https://discord.com/assets/dd24010f3cf7def7.woff2 was preloaded using link preload but not used within a few seconds from the window's load event. Please make sure it has an appropriate `as` value and it is preloaded intentionally. @ https://discord.com/login:0
[ 1105741ms] [INFO] %c[useAuthWebsocket] 
font-weight: bold;
color: purple;
 [24463ms] disconnected, code: 1006  @ https://discord.com/assets/sentry.36a95f7c8446f649.js:14
[ 1105741ms] [ERROR] %c[useAuthWebsocket] 
font-weight: bold;
color: purple;
 Could not complete Remote Auth login, trying to restart with a new Remote Auth session. @ https://discord.com/assets/sentry.36a95f7c8446f649.js:14
[ 1109192ms] [INFO] %c[useAuthWebsocket] 
font-weight: bold;
color: purple;
 [27914ms] cleaning up @ https://discord.com/assets/sentry.36a95f7c8446f649.js:14
[ 1109193ms] [INFO] %c[useAuthWebsocket] 
font-weight: bold;
color: purple;
 [0ms] connecting to wss://remote-auth-gateway.discord.gg/?v=2 @ https://discord.com/assets/sentry.36a95f7c8446f649.js:14
[ 1110346ms] [INFO] %c[useAuthWebsocket] 
font-weight: bold;
color: purple;
 [1154ms] got hello, auth timeout=266494ms @ https://discord.com/assets/sentry.36a95f7c8446f649.js:14
[ 1110404ms] [INFO] %c[useAuthWebsocket] 
font-weight: bold;
color: purple;
 [1211ms] connected, handshaking with fingerprint: vbG8k93LsOAENlen3fVKleblD99e515sZQ6QcJ2MmwU @ https://discord.com/assets/sentry.36a95f7c8446f649.js:14
[ 1111079ms] [INFO] %c[useAuthWebsocket] 
font-weight: bold;
color: purple;
 [1886ms] computed nonce proof @ https://discord.com/assets/sentry.36a95f7c8446f649.js:14
[ 1111691ms] [INFO] %c[useAuthWebsocket] 
font-weight: bold;
color: purple;
 [2498ms] handshake complete awaiting remote auth. @ https://discord.com/assets/sentry.36a95f7c8446f649.js:14
[ 1114707ms] [WARNING] The resource https://discord.com/assets/189422196a4f8b53.woff2 was preloaded using link preload but not used within a few seconds from the window's load event. Please make sure it has an appropriate `as` value and it is preloaded intentionally. @ https://discord.com/login:0
[ 1114708ms] [WARNING] The resource https://discord.com/assets/ce3b8055f5114434.woff2 was preloaded using link preload but not used within a few seconds from the window's load event. Please make sure it has an appropriate `as` value and it is preloaded intentionally. @ https://discord.com/login:0
[ 1114708ms] [WARNING] The resource https://discord.com/assets/cb2006dbced0e246.woff2 was preloaded using link preload but not used within a few seconds from the window's load event. Please make sure it has an appropriate `as` value and it is preloaded intentionally. @ https://discord.com/login:0
[ 1114708ms] [WARNING] The resource https://discord.com/assets/7a6a566c2e88a35d.woff2 was preloaded using link preload but not used within a few seconds from the window's load event. Please make sure it has an appropriate `as` value and it is preloaded intentionally. @ https://discord.com/login:0
[ 1114708ms] [WARNING] The resource https://discord.com/assets/e52f0cba712e2fb4.woff2 was preloaded using link preload but not used within a few seconds from the window's load event. Please make sure it has an appropriate `as` value and it is preloaded intentionally. @ https://discord.com/login:0
[ 1114708ms] [WARNING] The resource https://discord.com/assets/dd24010f3cf7def7.woff2 was preloaded using link preload but not used within a few seconds from the window's load event. Please make sure it has an appropriate `as` value and it is preloaded intentionally. @ https://discord.com/login:0
[ 1125783ms] [INFO] %c[useAuthWebsocket] 
font-weight: bold;
color: purple;
 [16590ms] disconnected, code: 1006  @ https://discord.com/assets/sentry.36a95f7c8446f649.js:14
[ 1125783ms] [ERROR] %c[useAuthWebsocket] 
font-weight: bold;
color: purple;
 Could not complete Remote Auth login, trying to restart with a new Remote Auth session. @ https://discord.com/assets/sentry.36a95f7c8446f649.js:14
[ 1128279ms] [ERROR] WebSocket is already in CLOSING or CLOSED state. @ https://discord.com/assets/1f83f370a87af95c.js:0
[ 1129540ms] [INFO] %c[useAuthWebsocket] 
font-weight: bold;
color: purple;
 [20347ms] cleaning up @ https://discord.com/assets/sentry.36a95f7c8446f649.js:14
[ 1129541ms] [INFO] %c[useAuthWebsocket] 
font-weight: bold;
color: purple;
 [0ms] connecting to wss://remote-auth-gateway.discord.gg/?v=2 @ https://discord.com/assets/sentry.36a95f7c8446f649.js:14
[ 1130625ms] [INFO] %c[useAuthWebsocket] 
font-weight: bold;
color: purple;
 [1084ms] got hello, auth timeout=251510ms @ https://discord.com/assets/sentry.36a95f7c8446f649.js:14
[ 1130654ms] [INFO] %c[useAuthWebsocket] 
font-weight: bold;
color: purple;
 [1114ms] connected, handshaking with fingerprint: 3jraym74w9tzZ2eplsZw0jYB-9Q1A307SidN3wKqIzk @ https://discord.com/assets/sentry.36a95f7c8446f649.js:14
[ 1130940ms] [INFO] %c[useAuthWebsocket] 
font-weight: bold;
color: purple;
 [1400ms] computed nonce proof @ https://discord.com/assets/sentry.36a95f7c8446f649.js:14
[ 1131237ms] [INFO] %c[useAuthWebsocket] 
font-weight: bold;
color: purple;
 [1696ms] handshake complete awaiting remote auth. @ https://discord.com/assets/sentry.36a95f7c8446f649.js:14
[ 1134244ms] [WARNING] The resource https://discord.com/assets/189422196a4f8b53.woff2 was preloaded using link preload but not used within a few seconds from the window's load event. Please make sure it has an appropriate `as` value and it is preloaded intentionally. @ https://discord.com/login:0
[ 1134244ms] [WARNING] The resource https://discord.com/assets/ce3b8055f5114434.woff2 was preloaded using link preload but not used within a few seconds from the window's load event. Please make sure it has an appropriate `as` value and it is preloaded intentionally. @ https://discord.com/login:0
[ 1134244ms] [WARNING] The resource https://discord.com/assets/cb2006dbced0e246.woff2 was preloaded using link preload but not used within a few seconds from the window's load event. Please make sure it has an appropriate `as` value and it is preloaded intentionally. @ https://discord.com/login:0
[ 1134244ms] [WARNING] The resource https://discord.com/assets/7a6a566c2e88a35d.woff2 was preloaded using link preload but not used within a few seconds from the window's load event. Please make sure it has an appropriate `as` value and it is preloaded intentionally. @ https://discord.com/login:0
[ 1134244ms] [WARNING] The resource https://discord.com/assets/e52f0cba712e2fb4.woff2 was preloaded using link preload but not used within a few seconds from the window's load event. Please make sure it has an appropriate `as` value and it is preloaded intentionally. @ https://discord.com/login:0
[ 1134244ms] [WARNING] The resource https://discord.com/assets/dd24010f3cf7def7.woff2 was preloaded using link preload but not used within a few seconds from the window's load event. Please make sure it has an appropriate `as` value and it is preloaded intentionally. @ https://discord.com/login:0
[ 1145983ms] [INFO] %c[useAuthWebsocket] 
font-weight: bold;
color: purple;
 [16443ms] disconnected, code: 1006  @ https://discord.com/assets/sentry.36a95f7c8446f649.js:14
[ 1145983ms] [ERROR] %c[useAuthWebsocket] 
font-weight: bold;
color: purple;
 Could not complete Remote Auth login, trying to restart with a new Remote Auth session. @ https://discord.com/assets/sentry.36a95f7c8446f649.js:14
[ 1149781ms] [INFO] %c[useAuthWebsocket] 
font-weight: bold;
color: purple;
 [20240ms] cleaning up @ https://discord.com/assets/sentry.36a95f7c8446f649.js:14
[ 1149782ms] [INFO] %c[useAuthWebsocket] 
font-weight: bold;
color: purple;
 [0ms] connecting to wss://remote-auth-gateway.discord.gg/?v=2 @ https://discord.com/assets/sentry.36a95f7c8446f649.js:14
[ 1151677ms] [INFO] %c[useAuthWebsocket] 
font-weight: bold;
color: purple;
 [1896ms] got hello, auth timeout=240322ms @ https://discord.com/assets/sentry.36a95f7c8446f649.js:14
[ 1151702ms] [INFO] %c[useAuthWebsocket] 
font-weight: bold;
color: purple;
 [1921ms] connected, handshaking with fingerprint: bY1JO0fzYr-VAsrQ9HvZ3nNnp0K25P8jUPgd0Z__ajk @ https://discord.com/assets/sentry.36a95f7c8446f649.js:14
[ 1152023ms] [INFO] %c[useAuthWebsocket] 
font-weight: bold;
color: purple;
 [2242ms] computed nonce proof @ https://discord.com/assets/sentry.36a95f7c8446f649.js:14
[ 1152318ms] [INFO] %c[useAuthWebsocket] 
font-weight: bold;
color: purple;
 [2536ms] handshake complete awaiting remote auth. @ https://discord.com/assets/sentry.36a95f7c8446f649.js:14
[ 1155326ms] [WARNING] The resource https://discord.com/assets/189422196a4f8b53.woff2 was preloaded using link preload but not used within a few seconds from the window's load event. Please make sure it has an appropriate `as` value and it is preloaded intentionally. @ https://discord.com/login:0
[ 1155326ms] [WARNING] The resource https://discord.com/assets/ce3b8055f5114434.woff2 was preloaded using link preload but not used within a few seconds from the window's load event. Please make sure it has an appropriate `as` value and it is preloaded intentionally. @ https://discord.com/login:0
[ 1155326ms] [WARNING] The resource https://discord.com/assets/cb2006dbced0e246.woff2 was preloaded using link preload but not used within a few seconds from the window's load event. Please make sure it has an appropriate `as` value and it is preloaded intentionally. @ https://discord.com/login:0
[ 1155326ms] [WARNING] The resource https://discord.com/assets/7a6a566c2e88a35d.woff2 was preloaded using link preload but not used within a few seconds from the window's load event. Please make sure it has an appropriate `as` value and it is preloaded intentionally. @ https://discord.com/login:0
[ 1155326ms] [WARNING] The resource https://discord.com/assets/e52f0cba712e2fb4.woff2 was preloaded using link preload but not used within a few seconds from the window's load event. Please make sure it has an appropriate `as` value and it is preloaded intentionally. @ https://discord.com/login:0
[ 1155326ms] [WARNING] The resource https://discord.com/assets/dd24010f3cf7def7.woff2 was preloaded using link preload but not used within a few seconds from the window's load event. Please make sure it has an appropriate `as` value and it is preloaded intentionally. @ https://discord.com/login:0
[ 1167204ms] [INFO] %c[useAuthWebsocket] 
font-weight: bold;
color: purple;
 [17423ms] disconnected, code: 1006  @ https://discord.com/assets/sentry.36a95f7c8446f649.js:14
[ 1167204ms] [ERROR] %c[useAuthWebsocket] 
font-weight: bold;
color: purple;
 Could not complete Remote Auth login, trying to restart with a new Remote Auth session. @ https://discord.com/assets/sentry.36a95f7c8446f649.js:14
[ 1169612ms] [ERROR] WebSocket is already in CLOSING or CLOSED state. @ https://discord.com/assets/1f83f370a87af95c.js:0
[ 1170148ms] [INFO] %c[useAuthWebsocket] 
font-weight: bold;
color: purple;
 [20366ms] cleaning up @ https://discord.com/assets/sentry.36a95f7c8446f649.js:14
[ 1170148ms] [INFO] %c[useAuthWebsocket] 
font-weight: bold;
color: purple;
 [0ms] connecting to wss://remote-auth-gateway.discord.gg/?v=2 @ https://discord.com/assets/sentry.36a95f7c8446f649.js:14
[ 1171067ms] [INFO] %c[useAuthWebsocket] 
font-weight: bold;
color: purple;
 [919ms] got hello, auth timeout=271045ms @ https://discord.com/assets/sentry.36a95f7c8446f649.js:14
[ 1171104ms] [INFO] %c[useAuthWebsocket] 
font-weight: bold;
color: purple;
 [957ms] connected, handshaking with fingerprint: uKHmeVkYsi2ZyZWpS99blyK9baYjEePy3xklCls5QHU @ https://discord.com/assets/sentry.36a95f7c8446f649.js:14
[ 1171446ms] [INFO] %c[useAuthWebsocket] 
font-weight: bold;
color: purple;
 [1299ms] computed nonce proof @ https://discord.com/assets/sentry.36a95f7c8446f649.js:14
[ 1172049ms] [INFO] %c[useAuthWebsocket] 
font-weight: bold;
color: purple;
 [1901ms] handshake complete awaiting remote auth. @ https://discord.com/assets/sentry.36a95f7c8446f649.js:14
[ 1175060ms] [WARNING] The resource https://discord.com/assets/189422196a4f8b53.woff2 was preloaded using link preload but not used within a few seconds from the window's load event. Please make sure it has an appropriate `as` value and it is preloaded intentionally. @ https://discord.com/login:0
[ 1175060ms] [WARNING] The resource https://discord.com/assets/ce3b8055f5114434.woff2 was preloaded using link preload but not used within a few seconds from the window's load event. Please make sure it has an appropriate `as` value and it is preloaded intentionally. @ https://discord.com/login:0
[ 1175060ms] [WARNING] The resource https://discord.com/assets/cb2006dbced0e246.woff2 was preloaded using link preload but not used within a few seconds from the window's load event. Please make sure it has an appropriate `as` value and it is preloaded intentionally. @ https://discord.com/login:0
[ 1175060ms] [WARNING] The resource https://discord.com/assets/7a6a566c2e88a35d.woff2 was preloaded using link preload but not used within a few seconds from the window's load event. Please make sure it has an appropriate `as` value and it is preloaded intentionally. @ https://discord.com/login:0
[ 1175060ms] [WARNING] The resource https://discord.com/assets/e52f0cba712e2fb4.woff2 was preloaded using link preload but not used within a few seconds from the window's load event. Please make sure it has an appropriate `as` value and it is preloaded intentionally. @ https://discord.com/login:0
[ 1175060ms] [WARNING] The resource https://discord.com/assets/dd24010f3cf7def7.woff2 was preloaded using link preload but not used within a few seconds from the window's load event. Please make sure it has an appropriate `as` value and it is preloaded intentionally. @ https://discord.com/login:0
[ 1186692ms] [INFO] %c[useAuthWebsocket] 
font-weight: bold;
color: purple;
 [16544ms] disconnected, code: 1006  @ https://discord.com/assets/sentry.36a95f7c8446f649.js:14
[ 1186692ms] [ERROR] %c[useAuthWebsocket] 
font-weight: bold;
color: purple;
 Could not complete Remote Auth login, trying to restart with a new Remote Auth session. @ https://discord.com/assets/sentry.36a95f7c8446f649.js:14
[ 1189679ms] [INFO] %c[useAuthWebsocket] 
font-weight: bold;
color: purple;
 [19531ms] cleaning up @ https://discord.com/assets/sentry.36a95f7c8446f649.js:14
[ 1189680ms] [INFO] %c[useAuthWebsocket] 
font-weight: bold;
color: purple;
 [0ms] connecting to wss://remote-auth-gateway.discord.gg/?v=2 @ https://discord.com/assets/sentry.36a95f7c8446f649.js:14
[ 1191432ms] [INFO] %c[useAuthWebsocket] 
font-weight: bold;
color: purple;
 [1752ms] got hello, auth timeout=284642ms @ https://discord.com/assets/sentry.36a95f7c8446f649.js:14
[ 1191550ms] [INFO] %c[useAuthWebsocket] 
font-weight: bold;
color: purple;
 [1870ms] connected, handshaking with fingerprint: I9UluWo88uVxIMT8nKhcNdejNpuvFdigRi6WMsnNC7M @ https://discord.com/assets/sentry.36a95f7c8446f649.js:14
[ 1191843ms] [INFO] %c[useAuthWebsocket] 
font-weight: bold;
color: purple;
 [2164ms] computed nonce proof @ https://discord.com/assets/sentry.36a95f7c8446f649.js:14
[ 1192145ms] [INFO] %c[useAuthWebsocket] 
font-weight: bold;
color: purple;
 [2465ms] handshake complete awaiting remote auth. @ https://discord.com/assets/sentry.36a95f7c8446f649.js:14
[ 1195150ms] [WARNING] The resource https://discord.com/assets/189422196a4f8b53.woff2 was preloaded using link preload but not used within a few seconds from the window's load event. Please make sure it has an appropriate `as` value and it is preloaded intentionally. @ https://discord.com/login:0
[ 1195150ms] [WARNING] The resource https://discord.com/assets/ce3b8055f5114434.woff2 was preloaded using link preload but not used within a few seconds from the window's load event. Please make sure it has an appropriate `as` value and it is preloaded intentionally. @ https://discord.com/login:0
[ 1195150ms] [WARNING] The resource https://discord.com/assets/cb2006dbced0e246.woff2 was preloaded using link preload but not used within a few seconds from the window's load event. Please make sure it has an appropriate `as` value and it is preloaded intentionally. @ https://discord.com/login:0
[ 1195150ms] [WARNING] The resource https://discord.com/assets/7a6a566c2e88a35d.woff2 was preloaded using link preload but not used within a few seconds from the window's load event. Please make sure it has an appropriate `as` value and it is preloaded intentionally. @ https://discord.com/login:0
[ 1195150ms] [WARNING] The resource https://discord.com/assets/e52f0cba712e2fb4.woff2 was preloaded using link preload but not used within a few seconds from the window's load event. Please make sure it has an appropriate `as` value and it is preloaded intentionally. @ https://discord.com/login:0
[ 1195150ms] [WARNING] The resource https://discord.com/assets/dd24010f3cf7def7.woff2 was preloaded using link preload but not used within a few seconds from the window's load event. Please make sure it has an appropriate `as` value and it is preloaded intentionally. @ https://discord.com/login:0
[ 1215059ms] [INFO] %c[useAuthWebsocket] 
font-weight: bold;
color: purple;
 [25379ms] disconnected, code: 1006  @ https://discord.com/assets/sentry.36a95f7c8446f649.js:14
[ 1215059ms] [ERROR] %c[useAuthWebsocket] 
font-weight: bold;
color: purple;
 Could not complete Remote Auth login, trying to restart with a new Remote Auth session. @ https://discord.com/assets/sentry.36a95f7c8446f649.js:14
[ 1217590ms] [INFO] %c[useAuthWebsocket] 
font-weight: bold;
color: purple;
 [27910ms] cleaning up @ https://discord.com/assets/sentry.36a95f7c8446f649.js:14
[ 1217590ms] [INFO] %c[useAuthWebsocket] 
font-weight: bold;
color: purple;
 [0ms] connecting to wss://remote-auth-gateway.discord.gg/?v=2 @ https://discord.com/assets/sentry.36a95f7c8446f649.js:14
[ 1218820ms] [INFO] %c[useAuthWebsocket] 
font-weight: bold;
color: purple;
 [1231ms] got hello, auth timeout=281196ms @ https://discord.com/assets/sentry.36a95f7c8446f649.js:14
[ 1218838ms] [INFO] %c[useAuthWebsocket] 
font-weight: bold;
color: purple;
 [1249ms] connected, handshaking with fingerprint: sT6TPKq-1nY-TV_PsgQpcY15Pu2u_rRUrdw6C9uQ3o4 @ https://discord.com/assets/sentry.36a95f7c8446f649.js:14
[ 1219210ms] [INFO] %c[useAuthWebsocket] 
font-weight: bold;
color: purple;
 [1621ms] computed nonce proof @ https://discord.com/assets/sentry.36a95f7c8446f649.js:14
[ 1219601ms] [INFO] %c[useAuthWebsocket] 
font-weight: bold;
color: purple;
 [2011ms] handshake complete awaiting remote auth. @ https://discord.com/assets/sentry.36a95f7c8446f649.js:14
[ 1222614ms] [WARNING] The resource https://discord.com/assets/189422196a4f8b53.woff2 was preloaded using link preload but not used within a few seconds from the window's load event. Please make sure it has an appropriate `as` value and it is preloaded intentionally. @ https://discord.com/login:0
[ 1222614ms] [WARNING] The resource https://discord.com/assets/ce3b8055f5114434.woff2 was preloaded using link preload but not used within a few seconds from the window's load event. Please make sure it has an appropriate `as` value and it is preloaded intentionally. @ https://discord.com/login:0
[ 1222614ms] [WARNING] The resource https://discord.com/assets/cb2006dbced0e246.woff2 was preloaded using link preload but not used within a few seconds from the window's load event. Please make sure it has an appropriate `as` value and it is preloaded intentionally. @ https://discord.com/login:0
[ 1222614ms] [WARNING] The resource https://discord.com/assets/7a6a566c2e88a35d.woff2 was preloaded using link preload but not used within a few seconds from the window's load event. Please make sure it has an appropriate `as` value and it is preloaded intentionally. @ https://discord.com/login:0
[ 1222614ms] [WARNING] The resource https://discord.com/assets/e52f0cba712e2fb4.woff2 was preloaded using link preload but not used within a few seconds from the window's load event. Please make sure it has an appropriate `as` value and it is preloaded intentionally. @ https://discord.com/login:0
[ 1222614ms] [WARNING] The resource https://discord.com/assets/dd24010f3cf7def7.woff2 was preloaded using link preload but not used within a few seconds from the window's load event. Please make sure it has an appropriate `as` value and it is preloaded intentionally. @ https://discord.com/login:0
[ 1234209ms] [INFO] %c[useAuthWebsocket] 
font-weight: bold;
color: purple;
 [16620ms] disconnected, code: 1006  @ https://discord.com/assets/sentry.36a95f7c8446f649.js:14
[ 1234209ms] [ERROR] %c[useAuthWebsocket] 
font-weight: bold;
color: purple;
 Could not complete Remote Auth login, trying to restart with a new Remote Auth session. @ https://discord.com/assets/sentry.36a95f7c8446f649.js:14
[ 1236982ms] [INFO] %c[useAuthWebsocket] 
font-weight: bold;
color: purple;
 [19393ms] cleaning up @ https://discord.com/assets/sentry.36a95f7c8446f649.js:14
[ 1236983ms] [INFO] %c[useAuthWebsocket] 
font-weight: bold;
color: purple;
 [0ms] connecting to wss://remote-auth-gateway.discord.gg/?v=2 @ https://discord.com/assets/sentry.36a95f7c8446f649.js:14
[ 1238686ms] [INFO] %c[useAuthWebsocket] 
font-weight: bold;
color: purple;
 [1703ms] got hello, auth timeout=313533ms @ https://discord.com/assets/sentry.36a95f7c8446f649.js:14
[ 1238770ms] [INFO] %c[useAuthWebsocket] 
font-weight: bold;
color: purple;
 [1788ms] connected, handshaking with fingerprint: g0dh6Zd-T70xUTbZO_yk81QkugV_1J8Hs7NjnSI2SRA @ https://discord.com/assets/sentry.36a95f7c8446f649.js:14
[ 1239353ms] [INFO] %c[useAuthWebsocket] 
font-weight: bold;
color: purple;
 [2370ms] computed nonce proof @ https://discord.com/assets/sentry.36a95f7c8446f649.js:14
[ 1240013ms] [INFO] %c[useAuthWebsocket] 
font-weight: bold;
color: purple;
 [3031ms] handshake complete awaiting remote auth. @ https://discord.com/assets/sentry.36a95f7c8446f649.js:14
[ 1243027ms] [WARNING] The resource https://discord.com/assets/189422196a4f8b53.woff2 was preloaded using link preload but not used within a few seconds from the window's load event. Please make sure it has an appropriate `as` value and it is preloaded intentionally. @ https://discord.com/login:0
[ 1243027ms] [WARNING] The resource https://discord.com/assets/ce3b8055f5114434.woff2 was preloaded using link preload but not used within a few seconds from the window's load event. Please make sure it has an appropriate `as` value and it is preloaded intentionally. @ https://discord.com/login:0
[ 1243027ms] [WARNING] The resource https://discord.com/assets/cb2006dbced0e246.woff2 was preloaded using link preload but not used within a few seconds from the window's load event. Please make sure it has an appropriate `as` value and it is preloaded intentionally. @ https://discord.com/login:0
[ 1243027ms] [WARNING] The resource https://discord.com/assets/7a6a566c2e88a35d.woff2 was preloaded using link preload but not used within a few seconds from the window's load event. Please make sure it has an appropriate `as` value and it is preloaded intentionally. @ https://discord.com/login:0
[ 1243027ms] [WARNING] The resource https://discord.com/assets/e52f0cba712e2fb4.woff2 was preloaded using link preload but not used within a few seconds from the window's load event. Please make sure it has an appropriate `as` value and it is preloaded intentionally. @ https://discord.com/login:0
[ 1243027ms] [WARNING] The resource https://discord.com/assets/dd24010f3cf7def7.woff2 was preloaded using link preload but not used within a few seconds from the window's load event. Please make sure it has an appropriate `as` value and it is preloaded intentionally. @ https://discord.com/login:0
[ 1261464ms] [INFO] %c[useAuthWebsocket] 
font-weight: bold;
color: purple;
 [24481ms] disconnected, code: 1006  @ https://discord.com/assets/sentry.36a95f7c8446f649.js:14
[ 1261464ms] [ERROR] %c[useAuthWebsocket] 
font-weight: bold;
color: purple;
 Could not complete Remote Auth login, trying to restart with a new Remote Auth session. @ https://discord.com/assets/sentry.36a95f7c8446f649.js:14
[ 1264216ms] [INFO] %c[useAuthWebsocket] 
font-weight: bold;
color: purple;
 [27233ms] cleaning up @ https://discord.com/assets/sentry.36a95f7c8446f649.js:14
[ 1264216ms] [INFO] %c[useAuthWebsocket] 
font-weight: bold;
color: purple;
 [0ms] connecting to wss://remote-auth-gateway.discord.gg/?v=2 @ https://discord.com/assets/sentry.36a95f7c8446f649.js:14
[ 1265287ms] [INFO] %c[useAuthWebsocket] 
font-weight: bold;
color: purple;
 [1072ms] got hello, auth timeout=256026ms @ https://discord.com/assets/sentry.36a95f7c8446f649.js:14
[ 1265332ms] [INFO] %c[useAuthWebsocket] 
font-weight: bold;
color: purple;
 [1117ms] connected, handshaking with fingerprint: oSkgVtKK7JBNaa88LCqbEv5aUBHrT9BD7tGivxFAOh4 @ https://discord.com/assets/sentry.36a95f7c8446f649.js:14
[ 1265629ms] [INFO] %c[useAuthWebsocket] 
font-weight: bold;
color: purple;
 [1413ms] computed nonce proof @ https://discord.com/assets/sentry.36a95f7c8446f649.js:14
[ 1266024ms] [INFO] %c[useAuthWebsocket] 
font-weight: bold;
color: purple;
 [1809ms] handshake complete awaiting remote auth. @ https://discord.com/assets/sentry.36a95f7c8446f649.js:14
[ 1269028ms] [WARNING] The resource https://discord.com/assets/189422196a4f8b53.woff2 was preloaded using link preload but not used within a few seconds from the window's load event. Please make sure it has an appropriate `as` value and it is preloaded intentionally. @ https://discord.com/login:0
[ 1269028ms] [WARNING] The resource https://discord.com/assets/ce3b8055f5114434.woff2 was preloaded using link preload but not used within a few seconds from the window's load event. Please make sure it has an appropriate `as` value and it is preloaded intentionally. @ https://discord.com/login:0
[ 1269028ms] [WARNING] The resource https://discord.com/assets/cb2006dbced0e246.woff2 was preloaded using link preload but not used within a few seconds from the window's load event. Please make sure it has an appropriate `as` value and it is preloaded intentionally. @ https://discord.com/login:0
[ 1269028ms] [WARNING] The resource https://discord.com/assets/7a6a566c2e88a35d.woff2 was preloaded using link preload but not used within a few seconds from the window's load event. Please make sure it has an appropriate `as` value and it is preloaded intentionally. @ https://discord.com/login:0
[ 1269028ms] [WARNING] The resource https://discord.com/assets/e52f0cba712e2fb4.woff2 was preloaded using link preload but not used within a few seconds from the window's load event. Please make sure it has an appropriate `as` value and it is preloaded intentionally. @ https://discord.com/login:0
[ 1269028ms] [WARNING] The resource https://discord.com/assets/dd24010f3cf7def7.woff2 was preloaded using link preload but not used within a few seconds from the window's load event. Please make sure it has an appropriate `as` value and it is preloaded intentionally. @ https://discord.com/login:0
[ 1288946ms] [INFO] %c[useAuthWebsocket] 
font-weight: bold;
color: purple;
 [24730ms] disconnected, code: 1006  @ https://discord.com/assets/sentry.36a95f7c8446f649.js:14
[ 1288946ms] [ERROR] %c[useAuthWebsocket] 
font-weight: bold;
color: purple;
 Could not complete Remote Auth login, trying to restart with a new Remote Auth session. @ https://discord.com/assets/sentry.36a95f7c8446f649.js:14
[ 1292472ms] [INFO] %c[useAuthWebsocket] 
font-weight: bold;
color: purple;
 [28256ms] cleaning up @ https://discord.com/assets/sentry.36a95f7c8446f649.js:14
[ 1292473ms] [INFO] %c[useAuthWebsocket] 
font-weight: bold;
color: purple;
 [0ms] connecting to wss://remote-auth-gateway.discord.gg/?v=2 @ https://discord.com/assets/sentry.36a95f7c8446f649.js:14
[ 1294408ms] [INFO] %c[useAuthWebsocket] 
font-weight: bold;
color: purple;
 [1935ms] got hello, auth timeout=278616ms @ https://discord.com/assets/sentry.36a95f7c8446f649.js:14
[ 1294502ms] [INFO] %c[useAuthWebsocket] 
font-weight: bold;
color: purple;
 [2030ms] connected, handshaking with fingerprint: Iu2m-cIU5rAhJhz6CfGA4VASTINLNPO8uihJpjWDfLI @ https://discord.com/assets/sentry.36a95f7c8446f649.js:14
[ 1294857ms] [INFO] %c[useAuthWebsocket] 
font-weight: bold;
color: purple;
 [2384ms] computed nonce proof @ https://discord.com/assets/sentry.36a95f7c8446f649.js:14
[ 1295205ms] [INFO] %c[useAuthWebsocket] 
font-weight: bold;
color: purple;
 [2732ms] handshake complete awaiting remote auth. @ https://discord.com/assets/sentry.36a95f7c8446f649.js:14
[ 1298214ms] [WARNING] The resource https://discord.com/assets/189422196a4f8b53.woff2 was preloaded using link preload but not used within a few seconds from the window's load event. Please make sure it has an appropriate `as` value and it is preloaded intentionally. @ https://discord.com/login:0
[ 1298214ms] [WARNING] The resource https://discord.com/assets/ce3b8055f5114434.woff2 was preloaded using link preload but not used within a few seconds from the window's load event. Please make sure it has an appropriate `as` value and it is preloaded intentionally. @ https://discord.com/login:0
[ 1298214ms] [WARNING] The resource https://discord.com/assets/cb2006dbced0e246.woff2 was preloaded using link preload but not used within a few seconds from the window's load event. Please make sure it has an appropriate `as` value and it is preloaded intentionally. @ https://discord.com/login:0
[ 1298214ms] [WARNING] The resource https://discord.com/assets/7a6a566c2e88a35d.woff2 was preloaded using link preload but not used within a few seconds from the window's load event. Please make sure it has an appropriate `as` value and it is preloaded intentionally. @ https://discord.com/login:0
[ 1298214ms] [WARNING] The resource https://discord.com/assets/e52f0cba712e2fb4.woff2 was preloaded using link preload but not used within a few seconds from the window's load event. Please make sure it has an appropriate `as` value and it is preloaded intentionally. @ https://discord.com/login:0
[ 1298214ms] [WARNING] The resource https://discord.com/assets/dd24010f3cf7def7.woff2 was preloaded using link preload but not used within a few seconds from the window's load event. Please make sure it has an appropriate `as` value and it is preloaded intentionally. @ https://discord.com/login:0
[ 1310074ms] [INFO] %c[useAuthWebsocket] 
font-weight: bold;
color: purple;
 [17601ms] disconnected, code: 1006  @ https://discord.com/assets/sentry.36a95f7c8446f649.js:14
[ 1310074ms] [ERROR] %c[useAuthWebsocket] 
font-weight: bold;
color: purple;
 Could not complete Remote Auth login, trying to restart with a new Remote Auth session. @ https://discord.com/assets/sentry.36a95f7c8446f649.js:14
[ 1314480ms] [INFO] %c[useAuthWebsocket] 
font-weight: bold;
color: purple;
 [22007ms] cleaning up @ https://discord.com/assets/sentry.36a95f7c8446f649.js:14
[ 1314480ms] [INFO] %c[useAuthWebsocket] 
font-weight: bold;
color: purple;
 [0ms] connecting to wss://remote-auth-gateway.discord.gg/?v=2 @ https://discord.com/assets/sentry.36a95f7c8446f649.js:14
[ 1315577ms] [INFO] %c[useAuthWebsocket] 
font-weight: bold;
color: purple;
 [1098ms] got hello, auth timeout=333955ms @ https://discord.com/assets/sentry.36a95f7c8446f649.js:14
[ 1315620ms] [INFO] %c[useAuthWebsocket] 
font-weight: bold;
color: purple;
 [1140ms] connected, handshaking with fingerprint: rKmRj-szIUaDWWOmNtr3RYX9fd3cpeO0dQZlEMhrlTQ @ https://discord.com/assets/sentry.36a95f7c8446f649.js:14
[ 1315934ms] [INFO] %c[useAuthWebsocket] 
font-weight: bold;
color: purple;
 [1454ms] computed nonce proof @ https://discord.com/assets/sentry.36a95f7c8446f649.js:14
[ 1316888ms] [INFO] %c[useAuthWebsocket] 
font-weight: bold;
color: purple;
 [2408ms] handshake complete awaiting remote auth. @ https://discord.com/assets/sentry.36a95f7c8446f649.js:14
[ 1319905ms] [WARNING] The resource https://discord.com/assets/189422196a4f8b53.woff2 was preloaded using link preload but not used within a few seconds from the window's load event. Please make sure it has an appropriate `as` value and it is preloaded intentionally. @ https://discord.com/login:0
[ 1319905ms] [WARNING] The resource https://discord.com/assets/ce3b8055f5114434.woff2 was preloaded using link preload but not used within a few seconds from the window's load event. Please make sure it has an appropriate `as` value and it is preloaded intentionally. @ https://discord.com/login:0
[ 1319905ms] [WARNING] The resource https://discord.com/assets/cb2006dbced0e246.woff2 was preloaded using link preload but not used within a few seconds from the window's load event. Please make sure it has an appropriate `as` value and it is preloaded intentionally. @ https://discord.com/login:0
[ 1319905ms] [WARNING] The resource https://discord.com/assets/7a6a566c2e88a35d.woff2 was preloaded using link preload but not used within a few seconds from the window's load event. Please make sure it has an appropriate `as` value and it is preloaded intentionally. @ https://discord.com/login:0
[ 1319905ms] [WARNING] The resource https://discord.com/assets/e52f0cba712e2fb4.woff2 was preloaded using link preload but not used within a few seconds from the window's load event. Please make sure it has an appropriate `as` value and it is preloaded intentionally. @ https://discord.com/login:0
[ 1319905ms] [WARNING] The resource https://discord.com/assets/dd24010f3cf7def7.woff2 was preloaded using link preload but not used within a few seconds from the window's load event. Please make sure it has an appropriate `as` value and it is preloaded intentionally. @ https://discord.com/login:0
[ 1338906ms] [INFO] %c[useAuthWebsocket] 
font-weight: bold;
color: purple;
 [24427ms] disconnected, code: 1006  @ https://discord.com/assets/sentry.36a95f7c8446f649.js:14
[ 1338906ms] [ERROR] %c[useAuthWebsocket] 
font-weight: bold;
color: purple;
 Could not complete Remote Auth login, trying to restart with a new Remote Auth session. @ https://discord.com/assets/sentry.36a95f7c8446f649.js:14
[ 1340849ms] [INFO] %c[useAuthWebsocket] 
font-weight: bold;
color: purple;
 [26370ms] cleaning up @ https://discord.com/assets/sentry.36a95f7c8446f649.js:14
[ 1340850ms] [INFO] %c[useAuthWebsocket] 
font-weight: bold;
color: purple;
 [0ms] connecting to wss://remote-auth-gateway.discord.gg/?v=2 @ https://discord.com/assets/sentry.36a95f7c8446f649.js:14
[ 1345371ms] [INFO] %c[useAuthWebsocket] 
font-weight: bold;
color: purple;
 [4521ms] got hello, auth timeout=315060ms @ https://discord.com/assets/sentry.36a95f7c8446f649.js:14
[ 1345402ms] [INFO] %c[useAuthWebsocket] 
font-weight: bold;
color: purple;
 [4553ms] connected, handshaking with fingerprint: qxQTPGUBklyJxjzFVa8Ne5Rf4FGVK95JBqqP2d-pk4Y @ https://discord.com/assets/sentry.36a95f7c8446f649.js:14
[ 1345699ms] [INFO] %c[useAuthWebsocket] 
font-weight: bold;
color: purple;
 [4850ms] computed nonce proof @ https://discord.com/assets/sentry.36a95f7c8446f649.js:14
[ 1346002ms] [INFO] %c[useAuthWebsocket] 
font-weight: bold;
color: purple;
 [5153ms] handshake complete awaiting remote auth. @ https://discord.com/assets/sentry.36a95f7c8446f649.js:14
[ 1349011ms] [WARNING] The resource https://discord.com/assets/189422196a4f8b53.woff2 was preloaded using link preload but not used within a few seconds from the window's load event. Please make sure it has an appropriate `as` value and it is preloaded intentionally. @ https://discord.com/login:0
[ 1349011ms] [WARNING] The resource https://discord.com/assets/ce3b8055f5114434.woff2 was preloaded using link preload but not used within a few seconds from the window's load event. Please make sure it has an appropriate `as` value and it is preloaded intentionally. @ https://discord.com/login:0
[ 1349011ms] [WARNING] The resource https://discord.com/assets/cb2006dbced0e246.woff2 was preloaded using link preload but not used within a few seconds from the window's load event. Please make sure it has an appropriate `as` value and it is preloaded intentionally. @ https://discord.com/login:0
[ 1349011ms] [WARNING] The resource https://discord.com/assets/7a6a566c2e88a35d.woff2 was preloaded using link preload but not used within a few seconds from the window's load event. Please make sure it has an appropriate `as` value and it is preloaded intentionally. @ https://discord.com/login:0
[ 1349011ms] [WARNING] The resource https://discord.com/assets/e52f0cba712e2fb4.woff2 was preloaded using link preload but not used within a few seconds from the window's load event. Please make sure it has an appropriate `as` value and it is preloaded intentionally. @ https://discord.com/login:0
[ 1349011ms] [WARNING] The resource https://discord.com/assets/dd24010f3cf7def7.woff2 was preloaded using link preload but not used within a few seconds from the window's load event. Please make sure it has an appropriate `as` value and it is preloaded intentionally. @ https://discord.com/login:0
[ 1360998ms] [INFO] %c[useAuthWebsocket] 
font-weight: bold;
color: purple;
 [20149ms] disconnected, code: 1006  @ https://discord.com/assets/sentry.36a95f7c8446f649.js:14
[ 1360999ms] [ERROR] %c[useAuthWebsocket] 
font-weight: bold;
color: purple;
 Could not complete Remote Auth login, trying to restart with a new Remote Auth session. @ https://discord.com/assets/sentry.36a95f7c8446f649.js:14
[ 1363715ms] [INFO] %c[useAuthWebsocket] 
font-weight: bold;
color: purple;
 [22865ms] cleaning up @ https://discord.com/assets/sentry.36a95f7c8446f649.js:14
[ 1363716ms] [INFO] %c[useAuthWebsocket] 
font-weight: bold;
color: purple;
 [0ms] connecting to wss://remote-auth-gateway.discord.gg/?v=2 @ https://discord.com/assets/sentry.36a95f7c8446f649.js:14
[ 1364311ms] [INFO] %c[useAuthWebsocket] 
font-weight: bold;
color: purple;
 [596ms] got hello, auth timeout=317334ms @ https://discord.com/assets/sentry.36a95f7c8446f649.js:14
[ 1364347ms] [INFO] %c[useAuthWebsocket] 
font-weight: bold;
color: purple;
 [632ms] connected, handshaking with fingerprint: cXvgfUFf6Tiqj1EvxP1-pBx9ENSHDY15Ti1tVtjwWeQ @ https://discord.com/assets/sentry.36a95f7c8446f649.js:14
[ 1364627ms] [INFO] %c[useAuthWebsocket] 
font-weight: bold;
color: purple;
 [911ms] computed nonce proof @ https://discord.com/assets/sentry.36a95f7c8446f649.js:14
[ 1364907ms] [INFO] %c[useAuthWebsocket] 
font-weight: bold;
color: purple;
 [1191ms] handshake complete awaiting remote auth. @ https://discord.com/assets/sentry.36a95f7c8446f649.js:14
[ 1367923ms] [WARNING] The resource https://discord.com/assets/189422196a4f8b53.woff2 was preloaded using link preload but not used within a few seconds from the window's load event. Please make sure it has an appropriate `as` value and it is preloaded intentionally. @ https://discord.com/login:0
[ 1367923ms] [WARNING] The resource https://discord.com/assets/ce3b8055f5114434.woff2 was preloaded using link preload but not used within a few seconds from the window's load event. Please make sure it has an appropriate `as` value and it is preloaded intentionally. @ https://discord.com/login:0
[ 1367923ms] [WARNING] The resource https://discord.com/assets/cb2006dbced0e246.woff2 was preloaded using link preload but not used within a few seconds from the window's load event. Please make sure it has an appropriate `as` value and it is preloaded intentionally. @ https://discord.com/login:0
[ 1367923ms] [WARNING] The resource https://discord.com/assets/7a6a566c2e88a35d.woff2 was preloaded using link preload but not used within a few seconds from the window's load event. Please make sure it has an appropriate `as` value and it is preloaded intentionally. @ https://discord.com/login:0
[ 1367923ms] [WARNING] The resource https://discord.com/assets/e52f0cba712e2fb4.woff2 was preloaded using link preload but not used within a few seconds from the window's load event. Please make sure it has an appropriate `as` value and it is preloaded intentionally. @ https://discord.com/login:0
[ 1367923ms] [WARNING] The resource https://discord.com/assets/dd24010f3cf7def7.woff2 was preloaded using link preload but not used within a few seconds from the window's load event. Please make sure it has an appropriate `as` value and it is preloaded intentionally. @ https://discord.com/login:0
[ 1380015ms] [INFO] %c[useAuthWebsocket] 
font-weight: bold;
color: purple;
 [16299ms] disconnected, code: 1006  @ https://discord.com/assets/sentry.36a95f7c8446f649.js:14
[ 1380015ms] [ERROR] %c[useAuthWebsocket] 
font-weight: bold;
color: purple;
 Could not complete Remote Auth login, trying to restart with a new Remote Auth session. @ https://discord.com/assets/sentry.36a95f7c8446f649.js:14
[ 1382138ms] [INFO] %c[useAuthWebsocket] 
font-weight: bold;
color: purple;
 [18422ms] cleaning up @ https://discord.com/assets/sentry.36a95f7c8446f649.js:14
[ 1382138ms] [INFO] %c[useAuthWebsocket] 
font-weight: bold;
color: purple;
 [0ms] connecting to wss://remote-auth-gateway.discord.gg/?v=2 @ https://discord.com/assets/sentry.36a95f7c8446f649.js:14
[ 1383151ms] [INFO] %c[useAuthWebsocket] 
font-weight: bold;
color: purple;
 [1013ms] got hello, auth timeout=275751ms @ https://discord.com/assets/sentry.36a95f7c8446f649.js:14
[ 1383185ms] [INFO] %c[useAuthWebsocket] 
font-weight: bold;
color: purple;
 [1047ms] connected, handshaking with fingerprint: 6MxScRP0xsEDb2ceF_hzEBkUQakCT5MphQTqxj_K1Dg @ https://discord.com/assets/sentry.36a95f7c8446f649.js:14
[ 1383755ms] [INFO] %c[useAuthWebsocket] 
font-weight: bold;
color: purple;
 [1618ms] computed nonce proof @ https://discord.com/assets/sentry.36a95f7c8446f649.js:14
[ 1384292ms] [INFO] %c[useAuthWebsocket] 
font-weight: bold;
color: purple;
 [2154ms] handshake complete awaiting remote auth. @ https://discord.com/assets/sentry.36a95f7c8446f649.js:14
[ 1387298ms] [WARNING] The resource https://discord.com/assets/189422196a4f8b53.woff2 was preloaded using link preload but not used within a few seconds from the window's load event. Please make sure it has an appropriate `as` value and it is preloaded intentionally. @ https://discord.com/login:0
[ 1387298ms] [WARNING] The resource https://discord.com/assets/ce3b8055f5114434.woff2 was preloaded using link preload but not used within a few seconds from the window's load event. Please make sure it has an appropriate `as` value and it is preloaded intentionally. @ https://discord.com/login:0
[ 1387298ms] [WARNING] The resource https://discord.com/assets/cb2006dbced0e246.woff2 was preloaded using link preload but not used within a few seconds from the window's load event. Please make sure it has an appropriate `as` value and it is preloaded intentionally. @ https://discord.com/login:0
[ 1387298ms] [WARNING] The resource https://discord.com/assets/7a6a566c2e88a35d.woff2 was preloaded using link preload but not used within a few seconds from the window's load event. Please make sure it has an appropriate `as` value and it is preloaded intentionally. @ https://discord.com/login:0
[ 1387298ms] [WARNING] The resource https://discord.com/assets/e52f0cba712e2fb4.woff2 was preloaded using link preload but not used within a few seconds from the window's load event. Please make sure it has an appropriate `as` value and it is preloaded intentionally. @ https://discord.com/login:0
[ 1387298ms] [WARNING] The resource https://discord.com/assets/dd24010f3cf7def7.woff2 was preloaded using link preload but not used within a few seconds from the window's load event. Please make sure it has an appropriate `as` value and it is preloaded intentionally. @ https://discord.com/login:0
[ 1406582ms] [INFO] %c[useAuthWebsocket] 
font-weight: bold;
color: purple;
 [24444ms] disconnected, code: 1006  @ https://discord.com/assets/sentry.36a95f7c8446f649.js:14
[ 1406582ms] [ERROR] %c[useAuthWebsocket] 
font-weight: bold;
color: purple;
 Could not complete Remote Auth login, trying to restart with a new Remote Auth session. @ https://discord.com/assets/sentry.36a95f7c8446f649.js:14
[ 1410509ms] [INFO] %c[useAuthWebsocket] 
font-weight: bold;
color: purple;
 [28371ms] cleaning up @ https://discord.com/assets/sentry.36a95f7c8446f649.js:14
[ 1410509ms] [INFO] %c[useAuthWebsocket] 
font-weight: bold;
color: purple;
 [0ms] connecting to wss://remote-auth-gateway.discord.gg/?v=2 @ https://discord.com/assets/sentry.36a95f7c8446f649.js:14
[ 1413048ms] [INFO] %c[useAuthWebsocket] 
font-weight: bold;
color: purple;
 [2540ms] got hello, auth timeout=243467ms @ https://discord.com/assets/sentry.36a95f7c8446f649.js:14
[ 1413135ms] [INFO] %c[useAuthWebsocket] 
font-weight: bold;
color: purple;
 [2627ms] connected, handshaking with fingerprint: 5O-HsrTLr2dYotRYEqzbStgsl42c3yU6Li36Ma91bRA @ https://discord.com/assets/sentry.36a95f7c8446f649.js:14
[ 1413419ms] [INFO] %c[useAuthWebsocket] 
font-weight: bold;
color: purple;
 [2910ms] computed nonce proof @ https://discord.com/assets/sentry.36a95f7c8446f649.js:14
[ 1413729ms] [INFO] %c[useAuthWebsocket] 
font-weight: bold;
color: purple;
 [3220ms] handshake complete awaiting remote auth. @ https://discord.com/assets/sentry.36a95f7c8446f649.js:14
[ 1416742ms] [WARNING] The resource https://discord.com/assets/189422196a4f8b53.woff2 was preloaded using link preload but not used within a few seconds from the window's load event. Please make sure it has an appropriate `as` value and it is preloaded intentionally. @ https://discord.com/login:0
[ 1416742ms] [WARNING] The resource https://discord.com/assets/ce3b8055f5114434.woff2 was preloaded using link preload but not used within a few seconds from the window's load event. Please make sure it has an appropriate `as` value and it is preloaded intentionally. @ https://discord.com/login:0
[ 1416742ms] [WARNING] The resource https://discord.com/assets/cb2006dbced0e246.woff2 was preloaded using link preload but not used within a few seconds from the window's load event. Please make sure it has an appropriate `as` value and it is preloaded intentionally. @ https://discord.com/login:0
[ 1416742ms] [WARNING] The resource https://discord.com/assets/7a6a566c2e88a35d.woff2 was preloaded using link preload but not used within a few seconds from the window's load event. Please make sure it has an appropriate `as` value and it is preloaded intentionally. @ https://discord.com/login:0
[ 1416742ms] [WARNING] The resource https://discord.com/assets/e52f0cba712e2fb4.woff2 was preloaded using link preload but not used within a few seconds from the window's load event. Please make sure it has an appropriate `as` value and it is preloaded intentionally. @ https://discord.com/login:0
[ 1416742ms] [WARNING] The resource https://discord.com/assets/dd24010f3cf7def7.woff2 was preloaded using link preload but not used within a few seconds from the window's load event. Please make sure it has an appropriate `as` value and it is preloaded intentionally. @ https://discord.com/login:0
[ 1428751ms] [INFO] %c[useAuthWebsocket] 
font-weight: bold;
color: purple;
 [18242ms] disconnected, code: 1006  @ https://discord.com/assets/sentry.36a95f7c8446f649.js:14
[ 1428751ms] [ERROR] %c[useAuthWebsocket] 
font-weight: bold;
color: purple;
 Could not complete Remote Auth login, trying to restart with a new Remote Auth session. @ https://discord.com/assets/sentry.36a95f7c8446f649.js:14
[ 1432770ms] [INFO] %c[useAuthWebsocket] 
font-weight: bold;
color: purple;
 [22262ms] cleaning up @ https://discord.com/assets/sentry.36a95f7c8446f649.js:14
[ 1432771ms] [INFO] %c[useAuthWebsocket] 
font-weight: bold;
color: purple;
 [0ms] connecting to wss://remote-auth-gateway.discord.gg/?v=2 @ https://discord.com/assets/sentry.36a95f7c8446f649.js:14
[ 1434006ms] [INFO] %c[useAuthWebsocket] 
font-weight: bold;
color: purple;
 [1235ms] got hello, auth timeout=290658ms @ https://discord.com/assets/sentry.36a95f7c8446f649.js:14
[ 1434080ms] [INFO] %c[useAuthWebsocket] 
font-weight: bold;
color: purple;
 [1309ms] connected, handshaking with fingerprint: Eh8hVQ5fd_wwM3Ke_y_GHGIPBCgErd8rqmdpzwu4ceI @ https://discord.com/assets/sentry.36a95f7c8446f649.js:14
[ 1434439ms] [INFO] %c[useAuthWebsocket] 
font-weight: bold;
color: purple;
 [1668ms] computed nonce proof @ https://discord.com/assets/sentry.36a95f7c8446f649.js:14
[ 1434956ms] [INFO] %c[useAuthWebsocket] 
font-weight: bold;
color: purple;
 [2186ms] handshake complete awaiting remote auth. @ https://discord.com/assets/sentry.36a95f7c8446f649.js:14
[ 1437964ms] [WARNING] The resource https://discord.com/assets/189422196a4f8b53.woff2 was preloaded using link preload but not used within a few seconds from the window's load event. Please make sure it has an appropriate `as` value and it is preloaded intentionally. @ https://discord.com/login:0
[ 1437964ms] [WARNING] The resource https://discord.com/assets/ce3b8055f5114434.woff2 was preloaded using link preload but not used within a few seconds from the window's load event. Please make sure it has an appropriate `as` value and it is preloaded intentionally. @ https://discord.com/login:0
[ 1437964ms] [WARNING] The resource https://discord.com/assets/cb2006dbced0e246.woff2 was preloaded using link preload but not used within a few seconds from the window's load event. Please make sure it has an appropriate `as` value and it is preloaded intentionally. @ https://discord.com/login:0
[ 1437964ms] [WARNING] The resource https://discord.com/assets/7a6a566c2e88a35d.woff2 was preloaded using link preload but not used within a few seconds from the window's load event. Please make sure it has an appropriate `as` value and it is preloaded intentionally. @ https://discord.com/login:0
[ 1437964ms] [WARNING] The resource https://discord.com/assets/e52f0cba712e2fb4.woff2 was preloaded using link preload but not used within a few seconds from the window's load event. Please make sure it has an appropriate `as` value and it is preloaded intentionally. @ https://discord.com/login:0
[ 1437964ms] [WARNING] The resource https://discord.com/assets/dd24010f3cf7def7.woff2 was preloaded using link preload but not used within a few seconds from the window's load event. Please make sure it has an appropriate `as` value and it is preloaded intentionally. @ https://discord.com/login:0
[ 1449645ms] [INFO] %c[useAuthWebsocket] 
font-weight: bold;
color: purple;
 [16875ms] disconnected, code: 1006  @ https://discord.com/assets/sentry.36a95f7c8446f649.js:14
[ 1449645ms] [ERROR] %c[useAuthWebsocket] 
font-weight: bold;
color: purple;
 Could not complete Remote Auth login, trying to restart with a new Remote Auth session. @ https://discord.com/assets/sentry.36a95f7c8446f649.js:14
[ 1452371ms] [INFO] %c[useAuthWebsocket] 
font-weight: bold;
color: purple;
 [19600ms] cleaning up @ https://discord.com/assets/sentry.36a95f7c8446f649.js:14
[ 1452371ms] [INFO] %c[useAuthWebsocket] 
font-weight: bold;
color: purple;
 [0ms] connecting to wss://remote-auth-gateway.discord.gg/?v=2 @ https://discord.com/assets/sentry.36a95f7c8446f649.js:14
[ 1453373ms] [INFO] %c[useAuthWebsocket] 
font-weight: bold;
color: purple;
 [1002ms] got hello, auth timeout=252683ms @ https://discord.com/assets/sentry.36a95f7c8446f649.js:14
[ 1453414ms] [INFO] %c[useAuthWebsocket] 
font-weight: bold;
color: purple;
 [1043ms] connected, handshaking with fingerprint: YxJau6FaydP-nV60TR4pPKeZ4WRBtoxe9ndIR7c6TgY @ https://discord.com/assets/sentry.36a95f7c8446f649.js:14
[ 1453727ms] [INFO] %c[useAuthWebsocket] 
font-weight: bold;
color: purple;
 [1357ms] computed nonce proof @ https://discord.com/assets/sentry.36a95f7c8446f649.js:14
[ 1454013ms] [INFO] %c[useAuthWebsocket] 
font-weight: bold;
color: purple;
 [1642ms] handshake complete awaiting remote auth. @ https://discord.com/assets/sentry.36a95f7c8446f649.js:14
[ 1457022ms] [WARNING] The resource https://discord.com/assets/189422196a4f8b53.woff2 was preloaded using link preload but not used within a few seconds from the window's load event. Please make sure it has an appropriate `as` value and it is preloaded intentionally. @ https://discord.com/login:0
[ 1457022ms] [WARNING] The resource https://discord.com/assets/ce3b8055f5114434.woff2 was preloaded using link preload but not used within a few seconds from the window's load event. Please make sure it has an appropriate `as` value and it is preloaded intentionally. @ https://discord.com/login:0
[ 1457022ms] [WARNING] The resource https://discord.com/assets/cb2006dbced0e246.woff2 was preloaded using link preload but not used within a few seconds from the window's load event. Please make sure it has an appropriate `as` value and it is preloaded intentionally. @ https://discord.com/login:0
[ 1457022ms] [WARNING] The resource https://discord.com/assets/7a6a566c2e88a35d.woff2 was preloaded using link preload but not used within a few seconds from the window's load event. Please make sure it has an appropriate `as` value and it is preloaded intentionally. @ https://discord.com/login:0
[ 1457022ms] [WARNING] The resource https://discord.com/assets/e52f0cba712e2fb4.woff2 was preloaded using link preload but not used within a few seconds from the window's load event. Please make sure it has an appropriate `as` value and it is preloaded intentionally. @ https://discord.com/login:0
[ 1457022ms] [WARNING] The resource https://discord.com/assets/dd24010f3cf7def7.woff2 was preloaded using link preload but not used within a few seconds from the window's load event. Please make sure it has an appropriate `as` value and it is preloaded intentionally. @ https://discord.com/login:0
[ 1468784ms] [INFO] %c[useAuthWebsocket] 
font-weight: bold;
color: purple;
 [16414ms] disconnected, code: 1006  @ https://discord.com/assets/sentry.36a95f7c8446f649.js:14
[ 1468785ms] [ERROR] %c[useAuthWebsocket] 
font-weight: bold;
color: purple;
 Could not complete Remote Auth login, trying to restart with a new Remote Auth session. @ https://discord.com/assets/sentry.36a95f7c8446f649.js:14
[ 1471057ms] [INFO] %c[useAuthWebsocket] 
font-weight: bold;
color: purple;
 [18687ms] cleaning up @ https://discord.com/assets/sentry.36a95f7c8446f649.js:14
[ 1471058ms] [INFO] %c[useAuthWebsocket] 
font-weight: bold;
color: purple;
 [0ms] connecting to wss://remote-auth-gateway.discord.gg/?v=2 @ https://discord.com/assets/sentry.36a95f7c8446f649.js:14
[ 1473107ms] [INFO] %c[useAuthWebsocket] 
font-weight: bold;
color: purple;
 [2050ms] got hello, auth timeout=263562ms @ https://discord.com/assets/sentry.36a95f7c8446f649.js:14
[ 1473127ms] [INFO] %c[useAuthWebsocket] 
font-weight: bold;
color: purple;
 [2070ms] connected, handshaking with fingerprint: Md-zm3k9yFgxoRobt333TAV6Cd57XUVmZLwkvF3UA8Y @ https://discord.com/assets/sentry.36a95f7c8446f649.js:14
[ 1473773ms] [INFO] %c[useAuthWebsocket] 
font-weight: bold;
color: purple;
 [2716ms] computed nonce proof @ https://discord.com/assets/sentry.36a95f7c8446f649.js:14
[ 1474089ms] [INFO] %c[useAuthWebsocket] 
font-weight: bold;
color: purple;
 [3031ms] handshake complete awaiting remote auth. @ https://discord.com/assets/sentry.36a95f7c8446f649.js:14
[ 1477104ms] [WARNING] The resource https://discord.com/assets/189422196a4f8b53.woff2 was preloaded using link preload but not used within a few seconds from the window's load event. Please make sure it has an appropriate `as` value and it is preloaded intentionally. @ https://discord.com/login:0
[ 1477104ms] [WARNING] The resource https://discord.com/assets/ce3b8055f5114434.woff2 was preloaded using link preload but not used within a few seconds from the window's load event. Please make sure it has an appropriate `as` value and it is preloaded intentionally. @ https://discord.com/login:0
[ 1477104ms] [WARNING] The resource https://discord.com/assets/cb2006dbced0e246.woff2 was preloaded using link preload but not used within a few seconds from the window's load event. Please make sure it has an appropriate `as` value and it is preloaded intentionally. @ https://discord.com/login:0
[ 1477104ms] [WARNING] The resource https://discord.com/assets/7a6a566c2e88a35d.woff2 was preloaded using link preload but not used within a few seconds from the window's load event. Please make sure it has an appropriate `as` value and it is preloaded intentionally. @ https://discord.com/login:0
[ 1477104ms] [WARNING] The resource https://discord.com/assets/e52f0cba712e2fb4.woff2 was preloaded using link preload but not used within a few seconds from the window's load event. Please make sure it has an appropriate `as` value and it is preloaded intentionally. @ https://discord.com/login:0
[ 1477105ms] [WARNING] The resource https://discord.com/assets/dd24010f3cf7def7.woff2 was preloaded using link preload but not used within a few seconds from the window's load event. Please make sure it has an appropriate `as` value and it is preloaded intentionally. @ https://discord.com/login:0
[ 1488782ms] [INFO] %c[useAuthWebsocket] 
font-weight: bold;
color: purple;
 [17725ms] disconnected, code: 1006  @ https://discord.com/assets/sentry.36a95f7c8446f649.js:14
[ 1488782ms] [ERROR] %c[useAuthWebsocket] 
font-weight: bold;
color: purple;
 Could not complete Remote Auth login, trying to restart with a new Remote Auth session. @ https://discord.com/assets/sentry.36a95f7c8446f649.js:14
[ 1492418ms] [INFO] %c[useAuthWebsocket] 
font-weight: bold;
color: purple;
 [21361ms] cleaning up @ https://discord.com/assets/sentry.36a95f7c8446f649.js:14
[ 1492419ms] [INFO] %c[useAuthWebsocket] 
font-weight: bold;
color: purple;
 [0ms] connecting to wss://remote-auth-gateway.discord.gg/?v=2 @ https://discord.com/assets/sentry.36a95f7c8446f649.js:14
[ 1493437ms] [INFO] %c[useAuthWebsocket] 
font-weight: bold;
color: purple;
 [1019ms] got hello, auth timeout=252984ms @ https://discord.com/assets/sentry.36a95f7c8446f649.js:14
[ 1493458ms] [INFO] %c[useAuthWebsocket] 
font-weight: bold;
color: purple;
 [1040ms] connected, handshaking with fingerprint: APCkK6nRp4LtCyKpmKA6-oBI-v1fdFeLgLdDgHf--qs @ https://discord.com/assets/sentry.36a95f7c8446f649.js:14
[ 1494084ms] [INFO] %c[useAuthWebsocket] 
font-weight: bold;
color: purple;
 [1665ms] computed nonce proof @ https://discord.com/assets/sentry.36a95f7c8446f649.js:14
[ 1494427ms] [INFO] %c[useAuthWebsocket] 
font-weight: bold;
color: purple;
 [2009ms] handshake complete awaiting remote auth. @ https://discord.com/assets/sentry.36a95f7c8446f649.js:14
[ 1497441ms] [WARNING] The resource https://discord.com/assets/189422196a4f8b53.woff2 was preloaded using link preload but not used within a few seconds from the window's load event. Please make sure it has an appropriate `as` value and it is preloaded intentionally. @ https://discord.com/login:0
[ 1497441ms] [WARNING] The resource https://discord.com/assets/ce3b8055f5114434.woff2 was preloaded using link preload but not used within a few seconds from the window's load event. Please make sure it has an appropriate `as` value and it is preloaded intentionally. @ https://discord.com/login:0
[ 1497441ms] [WARNING] The resource https://discord.com/assets/cb2006dbced0e246.woff2 was preloaded using link preload but not used within a few seconds from the window's load event. Please make sure it has an appropriate `as` value and it is preloaded intentionally. @ https://discord.com/login:0
[ 1497441ms] [WARNING] The resource https://discord.com/assets/7a6a566c2e88a35d.woff2 was preloaded using link preload but not used within a few seconds from the window's load event. Please make sure it has an appropriate `as` value and it is preloaded intentionally. @ https://discord.com/login:0
[ 1497441ms] [WARNING] The resource https://discord.com/assets/e52f0cba712e2fb4.woff2 was preloaded using link preload but not used within a few seconds from the window's load event. Please make sure it has an appropriate `as` value and it is preloaded intentionally. @ https://discord.com/login:0
[ 1497441ms] [WARNING] The resource https://discord.com/assets/dd24010f3cf7def7.woff2 was preloaded using link preload but not used within a few seconds from the window's load event. Please make sure it has an appropriate `as` value and it is preloaded intentionally. @ https://discord.com/login:0
[ 1509460ms] [INFO] %c[useAuthWebsocket] 
font-weight: bold;
color: purple;
 [17041ms] disconnected, code: 1006  @ https://discord.com/assets/sentry.36a95f7c8446f649.js:14
[ 1509460ms] [ERROR] %c[useAuthWebsocket] 
font-weight: bold;
color: purple;
 Could not complete Remote Auth login, trying to restart with a new Remote Auth session. @ https://discord.com/assets/sentry.36a95f7c8446f649.js:14
[ 1511792ms] [INFO] %c[useAuthWebsocket] 
font-weight: bold;
color: purple;
 [19373ms] cleaning up @ https://discord.com/assets/sentry.36a95f7c8446f649.js:14
[ 1511792ms] [INFO] %c[useAuthWebsocket] 
font-weight: bold;
color: purple;
 [0ms] connecting to wss://remote-auth-gateway.discord.gg/?v=2 @ https://discord.com/assets/sentry.36a95f7c8446f649.js:14
[ 1514214ms] [INFO] %c[useAuthWebsocket] 
font-weight: bold;
color: purple;
 [2422ms] got hello, auth timeout=342874ms @ https://discord.com/assets/sentry.36a95f7c8446f649.js:14
[ 1514233ms] [INFO] %c[useAuthWebsocket] 
font-weight: bold;
color: purple;
 [2441ms] connected, handshaking with fingerprint: 1su4tg8SQfbLftWaWrktCBUJv8I2LfZaDbL9gmdkVcU @ https://discord.com/assets/sentry.36a95f7c8446f649.js:14
[ 1515088ms] [INFO] %c[useAuthWebsocket] 
font-weight: bold;
color: purple;
 [3296ms] computed nonce proof @ https://discord.com/assets/sentry.36a95f7c8446f649.js:14
[ 1515409ms] [INFO] %c[useAuthWebsocket] 
font-weight: bold;
color: purple;
 [3616ms] handshake complete awaiting remote auth. @ https://discord.com/assets/sentry.36a95f7c8446f649.js:14
[ 1518427ms] [WARNING] The resource https://discord.com/assets/189422196a4f8b53.woff2 was preloaded using link preload but not used within a few seconds from the window's load event. Please make sure it has an appropriate `as` value and it is preloaded intentionally. @ https://discord.com/login:0
[ 1518427ms] [WARNING] The resource https://discord.com/assets/ce3b8055f5114434.woff2 was preloaded using link preload but not used within a few seconds from the window's load event. Please make sure it has an appropriate `as` value and it is preloaded intentionally. @ https://discord.com/login:0
[ 1518427ms] [WARNING] The resource https://discord.com/assets/cb2006dbced0e246.woff2 was preloaded using link preload but not used within a few seconds from the window's load event. Please make sure it has an appropriate `as` value and it is preloaded intentionally. @ https://discord.com/login:0
[ 1518427ms] [WARNING] The resource https://discord.com/assets/7a6a566c2e88a35d.woff2 was preloaded using link preload but not used within a few seconds from the window's load event. Please make sure it has an appropriate `as` value and it is preloaded intentionally. @ https://discord.com/login:0
[ 1518427ms] [WARNING] The resource https://discord.com/assets/e52f0cba712e2fb4.woff2 was preloaded using link preload but not used within a few seconds from the window's load event. Please make sure it has an appropriate `as` value and it is preloaded intentionally. @ https://discord.com/login:0
[ 1518427ms] [WARNING] The resource https://discord.com/assets/dd24010f3cf7def7.woff2 was preloaded using link preload but not used within a few seconds from the window's load event. Please make sure it has an appropriate `as` value and it is preloaded intentionally. @ https://discord.com/login:0
[ 1529557ms] [INFO] %c[useAuthWebsocket] 
font-weight: bold;
color: purple;
 [17764ms] disconnected, code: 1006  @ https://discord.com/assets/sentry.36a95f7c8446f649.js:14
[ 1529557ms] [ERROR] %c[useAuthWebsocket] 
font-weight: bold;
color: purple;
 Could not complete Remote Auth login, trying to restart with a new Remote Auth session. @ https://discord.com/assets/sentry.36a95f7c8446f649.js:14
[ 1531246ms] [INFO] %c[useAuthWebsocket] 
font-weight: bold;
color: purple;
 [19454ms] cleaning up @ https://discord.com/assets/sentry.36a95f7c8446f649.js:14
[ 1531247ms] [INFO] %c[useAuthWebsocket] 
font-weight: bold;
color: purple;
 [0ms] connecting to wss://remote-auth-gateway.discord.gg/?v=2 @ https://discord.com/assets/sentry.36a95f7c8446f649.js:14
[ 1535055ms] [INFO] %c[useAuthWebsocket] 
font-weight: bold;
color: purple;
 [3808ms] got hello, auth timeout=283065ms @ https://discord.com/assets/sentry.36a95f7c8446f649.js:14
[ 1535143ms] [INFO] %c[useAuthWebsocket] 
font-weight: bold;
color: purple;
 [3897ms] connected, handshaking with fingerprint: lU_yzptVOGHDveUoru2BBI6Vw42kkPsQ2rr3dMZreYo @ https://discord.com/assets/sentry.36a95f7c8446f649.js:14
[ 1535472ms] [INFO] %c[useAuthWebsocket] 
font-weight: bold;
color: purple;
 [4225ms] computed nonce proof @ https://discord.com/assets/sentry.36a95f7c8446f649.js:14
[ 1535799ms] [INFO] %c[useAuthWebsocket] 
font-weight: bold;
color: purple;
 [4552ms] handshake complete awaiting remote auth. @ https://discord.com/assets/sentry.36a95f7c8446f649.js:14
[ 1538807ms] [WARNING] The resource https://discord.com/assets/189422196a4f8b53.woff2 was preloaded using link preload but not used within a few seconds from the window's load event. Please make sure it has an appropriate `as` value and it is preloaded intentionally. @ https://discord.com/login:0
[ 1538807ms] [WARNING] The resource https://discord.com/assets/ce3b8055f5114434.woff2 was preloaded using link preload but not used within a few seconds from the window's load event. Please make sure it has an appropriate `as` value and it is preloaded intentionally. @ https://discord.com/login:0
[ 1538807ms] [WARNING] The resource https://discord.com/assets/cb2006dbced0e246.woff2 was preloaded using link preload but not used within a few seconds from the window's load event. Please make sure it has an appropriate `as` value and it is preloaded intentionally. @ https://discord.com/login:0
[ 1538807ms] [WARNING] The resource https://discord.com/assets/7a6a566c2e88a35d.woff2 was preloaded using link preload but not used within a few seconds from the window's load event. Please make sure it has an appropriate `as` value and it is preloaded intentionally. @ https://discord.com/login:0
[ 1538807ms] [WARNING] The resource https://discord.com/assets/e52f0cba712e2fb4.woff2 was preloaded using link preload but not used within a few seconds from the window's load event. Please make sure it has an appropriate `as` value and it is preloaded intentionally. @ https://discord.com/login:0
[ 1538807ms] [WARNING] The resource https://discord.com/assets/dd24010f3cf7def7.woff2 was preloaded using link preload but not used within a few seconds from the window's load event. Please make sure it has an appropriate `as` value and it is preloaded intentionally. @ https://discord.com/login:0
[ 1550632ms] [INFO] %c[useAuthWebsocket] 
font-weight: bold;
color: purple;
 [19386ms] disconnected, code: 1006  @ https://discord.com/assets/sentry.36a95f7c8446f649.js:14
[ 1550632ms] [ERROR] %c[useAuthWebsocket] 
font-weight: bold;
color: purple;
 Could not complete Remote Auth login, trying to restart with a new Remote Auth session. @ https://discord.com/assets/sentry.36a95f7c8446f649.js:14
[ 1553340ms] [INFO] %c[useAuthWebsocket] 
font-weight: bold;
color: purple;
 [22094ms] cleaning up @ https://discord.com/assets/sentry.36a95f7c8446f649.js:14
[ 1553341ms] [INFO] %c[useAuthWebsocket] 
font-weight: bold;
color: purple;
 [0ms] connecting to wss://remote-auth-gateway.discord.gg/?v=2 @ https://discord.com/assets/sentry.36a95f7c8446f649.js:14
[ 1554610ms] [INFO] %c[useAuthWebsocket] 
font-weight: bold;
color: purple;
 [1270ms] got hello, auth timeout=243234ms @ https://discord.com/assets/sentry.36a95f7c8446f649.js:14
[ 1554633ms] [INFO] %c[useAuthWebsocket] 
font-weight: bold;
color: purple;
 [1292ms] connected, handshaking with fingerprint: mQgHDWUEipaokj8_UO_9fEhkd73FpqTE4Fjl7EL-FFo @ https://discord.com/assets/sentry.36a95f7c8446f649.js:14
[ 1554935ms] [INFO] %c[useAuthWebsocket] 
font-weight: bold;
color: purple;
 [1594ms] computed nonce proof @ https://discord.com/assets/sentry.36a95f7c8446f649.js:14
[ 1555260ms] [INFO] %c[useAuthWebsocket] 
font-weight: bold;
color: purple;
 [1920ms] handshake complete awaiting remote auth. @ https://discord.com/assets/sentry.36a95f7c8446f649.js:14
[ 1558274ms] [WARNING] The resource https://discord.com/assets/189422196a4f8b53.woff2 was preloaded using link preload but not used within a few seconds from the window's load event. Please make sure it has an appropriate `as` value and it is preloaded intentionally. @ https://discord.com/login:0
[ 1558274ms] [WARNING] The resource https://discord.com/assets/ce3b8055f5114434.woff2 was preloaded using link preload but not used within a few seconds from the window's load event. Please make sure it has an appropriate `as` value and it is preloaded intentionally. @ https://discord.com/login:0
[ 1558274ms] [WARNING] The resource https://discord.com/assets/cb2006dbced0e246.woff2 was preloaded using link preload but not used within a few seconds from the window's load event. Please make sure it has an appropriate `as` value and it is preloaded intentionally. @ https://discord.com/login:0
[ 1558274ms] [WARNING] The resource https://discord.com/assets/7a6a566c2e88a35d.woff2 was preloaded using link preload but not used within a few seconds from the window's load event. Please make sure it has an appropriate `as` value and it is preloaded intentionally. @ https://discord.com/login:0
[ 1558274ms] [WARNING] The resource https://discord.com/assets/e52f0cba712e2fb4.woff2 was preloaded using link preload but not used within a few seconds from the window's load event. Please make sure it has an appropriate `as` value and it is preloaded intentionally. @ https://discord.com/login:0
[ 1558274ms] [WARNING] The resource https://discord.com/assets/dd24010f3cf7def7.woff2 was preloaded using link preload but not used within a few seconds from the window's load event. Please make sure it has an appropriate `as` value and it is preloaded intentionally. @ https://discord.com/login:0
[ 1570364ms] [INFO] %c[useAuthWebsocket] 
font-weight: bold;
color: purple;
 [17023ms] disconnected, code: 1006  @ https://discord.com/assets/sentry.36a95f7c8446f649.js:14
[ 1570364ms] [ERROR] %c[useAuthWebsocket] 
font-weight: bold;
color: purple;
 Could not complete Remote Auth login, trying to restart with a new Remote Auth session. @ https://discord.com/assets/sentry.36a95f7c8446f649.js:14
[ 1573346ms] [INFO] %c[useAuthWebsocket] 
font-weight: bold;
color: purple;
 [20005ms] cleaning up @ https://discord.com/assets/sentry.36a95f7c8446f649.js:14
[ 1573347ms] [INFO] %c[useAuthWebsocket] 
font-weight: bold;
color: purple;
 [0ms] connecting to wss://remote-auth-gateway.discord.gg/?v=2 @ https://discord.com/assets/sentry.36a95f7c8446f649.js:14
[ 1574558ms] [INFO] %c[useAuthWebsocket] 
font-weight: bold;
color: purple;
 [1212ms] got hello, auth timeout=357358ms @ https://discord.com/assets/sentry.36a95f7c8446f649.js:14
[ 1574602ms] [INFO] %c[useAuthWebsocket] 
font-weight: bold;
color: purple;
 [1255ms] connected, handshaking with fingerprint: f8owo-NS3nLQ4XRCqiPFb5nws5Y4eyd1kpHNVOw1gbI @ https://discord.com/assets/sentry.36a95f7c8446f649.js:14
[ 1574895ms] [INFO] %c[useAuthWebsocket] 
font-weight: bold;
color: purple;
 [1549ms] computed nonce proof @ https://discord.com/assets/sentry.36a95f7c8446f649.js:14
[ 1575195ms] [INFO] %c[useAuthWebsocket] 
font-weight: bold;
color: purple;
 [1848ms] handshake complete awaiting remote auth. @ https://discord.com/assets/sentry.36a95f7c8446f649.js:14
[ 1578201ms] [WARNING] The resource https://discord.com/assets/189422196a4f8b53.woff2 was preloaded using link preload but not used within a few seconds from the window's load event. Please make sure it has an appropriate `as` value and it is preloaded intentionally. @ https://discord.com/login:0
[ 1578201ms] [WARNING] The resource https://discord.com/assets/ce3b8055f5114434.woff2 was preloaded using link preload but not used within a few seconds from the window's load event. Please make sure it has an appropriate `as` value and it is preloaded intentionally. @ https://discord.com/login:0
[ 1578201ms] [WARNING] The resource https://discord.com/assets/cb2006dbced0e246.woff2 was preloaded using link preload but not used within a few seconds from the window's load event. Please make sure it has an appropriate `as` value and it is preloaded intentionally. @ https://discord.com/login:0
[ 1578201ms] [WARNING] The resource https://discord.com/assets/7a6a566c2e88a35d.woff2 was preloaded using link preload but not used within a few seconds from the window's load event. Please make sure it has an appropriate `as` value and it is preloaded intentionally. @ https://discord.com/login:0
[ 1578201ms] [WARNING] The resource https://discord.com/assets/e52f0cba712e2fb4.woff2 was preloaded using link preload but not used within a few seconds from the window's load event. Please make sure it has an appropriate `as` value and it is preloaded intentionally. @ https://discord.com/login:0
[ 1578201ms] [WARNING] The resource https://discord.com/assets/dd24010f3cf7def7.woff2 was preloaded using link preload but not used within a few seconds from the window's load event. Please make sure it has an appropriate `as` value and it is preloaded intentionally. @ https://discord.com/login:0
